#ifndef wake_word_triggered_H
#define wake_word_triggered_H
unsigned char wake_word_triggered[] = {
  0x00, 0x00, 0x00, 0x00, 0x00, 0x00, 0x00, 0x00, 0x00, 0x00, 0x00, 0x00,
  0x00, 0x00, 0x00, 0x00, 0x00, 0x00, 0xff, 0xff, 0xff, 0xff, 0xff, 0xff,
  0xff, 0xff, 0xff, 0xff, 0xff, 0xff, 0xff, 0xff, 0xff, 0xff, 0xff, 0xff,
  0x00, 0x00, 0x00, 0x00, 0x00, 0x00, 0x00, 0x00, 0x00, 0x00, 0x00, 0x00,
  0x00, 0x00, 0x00, 0x00, 0x00, 0x00, 0x00, 0x00, 0x00, 0xff, 0xff, 0xff,
  0xff, 0xff, 0xff, 0xff, 0xff, 0xff, 0xff, 0xff, 0xff, 0xff, 0xff, 0xff,
  0xff, 0xff, 0xff, 0xff, 0x00, 0x00, 0x00, 0x00, 0x00, 0x00, 0x00, 0x00,
  0x00, 0x00, 0x00, 0x00, 0x00, 0x00, 0x00, 0x00, 0x00, 0x00, 0x00, 0xff,
  0xff, 0xff, 0xff, 0xff, 0xff, 0xff, 0xff, 0xff, 0xff, 0xff, 0xff, 0xff,
  0xff, 0xff, 0xff, 0xff, 0xff, 0xff, 0xff, 0xff, 0x00, 0x00, 0x00, 0x00,
  0x00, 0x00, 0x00, 0x00, 0x00, 0x00, 0x00, 0x00, 0x00, 0x00, 0x00, 0x00,
  0x00, 0x00, 0xff, 0xff, 0xff, 0xff, 0xff, 0xff, 0xff, 0xff, 0xff, 0xff,
  0xff, 0xff, 0xff, 0xff, 0xff, 0xff, 0xff, 0xff, 0xff, 0xff, 0xff, 0xff,
  0xff, 0xff, 0xff, 0x00, 0x00, 0x00, 0x00, 0x00, 0x00, 0x00, 0x00, 0x00,
  0x00, 0x00, 0x00, 0x00, 0x00, 0x00, 0x00, 0x00, 0x00, 0x00, 0x00, 0xff,
  0xff, 0xff, 0xff, 0xff, 0xff, 0xff, 0xff, 0xff, 0xff, 0xff, 0xff, 0xff,
  0xff, 0xff, 0xff, 0xff, 0xff, 0xff, 0x00, 0x00, 0x00, 0x00, 0x00, 0x00,
  0x00, 0x00, 0x00, 0x00, 0x00, 0x00, 0x00, 0x00, 0x00, 0x00, 0x00, 0x00,
  0x00, 0x00, 0x00, 0x00, 0xff, 0xff, 0xff, 0xff, 0xff, 0xff, 0xff, 0xff,
  0xff, 0xff, 0xff, 0xff, 0xff, 0xff, 0xff, 0xff, 0xff, 0xff, 0xff, 0x00,
  0x00, 0x00, 0x00, 0x00, 0x00, 0x00, 0x00, 0x00, 0x00, 0x00, 0x00, 0x00,
  0x00, 0x00, 0x00, 0x00, 0x00, 0x00, 0x00, 0x00, 0xff, 0xff, 0xff, 0xff,
  0xff, 0xff, 0xff, 0xff, 0xff, 0xff, 0xff, 0xff, 0xff, 0xff, 0xff, 0xff,
  0xff, 0xff, 0xff, 0x00, 0x00, 0x00, 0x00, 0x00, 0x00, 0x00, 0x00, 0x00,
  0x00, 0x00, 0x00, 0x00, 0x00, 0x00, 0x00, 0x00, 0xff, 0xff, 0xff, 0xff,
  0xff, 0xff, 0xff, 0xff, 0xff, 0xff, 0xff, 0xff, 0xff, 0xff, 0xff, 0xff,
  0xff, 0xff, 0xff, 0x00, 0x00, 0x00, 0x00, 0x00, 0x00, 0x00, 0x00, 0x00,
  0x00, 0x00, 0x00, 0x00, 0x00, 0x00, 0x00, 0x00, 0x00, 0x00, 0x00, 0x00,
  0x00, 0xff, 0xff, 0xff, 0xff, 0xff, 0xff, 0xff, 0xff, 0xff, 0xff, 0xff,
  0xff, 0xff, 0xff, 0xff, 0xff, 0xff, 0xff, 0xff, 0xff, 0x00, 0x00, 0x00,
  0x00, 0x00, 0x00, 0x00, 0x00, 0x00, 0x00, 0x00, 0x00, 0x00, 0x00, 0x00,
  0x00, 0x00, 0x00, 0x00, 0x00, 0x00, 0x00, 0x00, 0x00, 0x00, 0x00, 0xff,
  0xff, 0xff, 0xff, 0xff, 0xff, 0xff, 0xff, 0xff, 0xff, 0xff, 0xff, 0xff,
  0xff, 0xff, 0xff, 0xff, 0xff, 0xff, 0xff, 0xff, 0xff, 0x00, 0x00, 0x00,
  0x00, 0x00, 0x00, 0x00, 0x00, 0x00, 0x00, 0x00, 0x00, 0x00, 0x00, 0x00,
  0x00, 0x00, 0x00, 0x00, 0x00, 0x00, 0xff, 0xff, 0xff, 0xff, 0xff, 0xff,
  0xff, 0xff, 0xff, 0xff, 0xff, 0xff, 0xff, 0xff, 0xff, 0xff, 0x00, 0x00,
  0x00, 0x00, 0x00, 0x00, 0x00, 0x00, 0x00, 0x00, 0x00, 0x00, 0x00, 0x00,
  0x00, 0x00, 0x00, 0x00, 0xff, 0xff, 0xff, 0xff, 0xff, 0xff, 0xff, 0xff,
  0xff, 0xff, 0xff, 0xff, 0xff, 0xff, 0xff, 0xff, 0xff, 0xff, 0xff, 0xff,
  0xff, 0x00, 0x00, 0x00, 0x00, 0x00, 0x00, 0x00, 0x00, 0x00, 0x00, 0x00,
  0x00, 0x00, 0x00, 0x00, 0x00, 0x00, 0x00, 0xff, 0xff, 0xff, 0xff, 0xff,
  0xff, 0xff, 0xff, 0xff, 0xff, 0xff, 0xff, 0xff, 0xff, 0xff, 0xff, 0xff,
  0xff, 0x00, 0x00, 0x00, 0x00, 0x00, 0x00, 0x00, 0x00, 0x00, 0x00, 0x00,
  0x00, 0x00, 0x00, 0x00, 0x00, 0x00, 0x00, 0x00, 0x00, 0x00, 0xff, 0xff,
  0xff, 0xff, 0xff, 0xff, 0xff, 0xff, 0xff, 0xff, 0xff, 0xff, 0xff, 0xff,
  0xff, 0xff, 0x00, 0x00, 0x00, 0x00, 0x00, 0x00, 0x00, 0x00, 0x00, 0x00,
  0x00, 0x00, 0x00, 0x00, 0xff, 0xff, 0xff, 0xff, 0xff, 0xff, 0xff, 0xff,
  0xff, 0xff, 0xff, 0x00, 0x00, 0x00, 0x00, 0x00, 0x00, 0x00, 0x00, 0x00,
  0x00, 0xff, 0xff, 0xff, 0xff, 0xff, 0xff, 0xff, 0xff, 0xff, 0xff, 0xff,
  0xff, 0xff, 0xff, 0x00, 0x00, 0x00, 0x00, 0x00, 0x00, 0x00, 0x00, 0x00,
  0x00, 0x00, 0x00, 0x00, 0x00, 0x00, 0x00, 0x00, 0x00, 0x00, 0x00, 0xff,
  0xff, 0xff, 0xff, 0xff, 0xff, 0xff, 0xff, 0xff, 0xff, 0xff, 0xff, 0xff,
  0xff, 0xff, 0xff, 0xff, 0xff, 0xff, 0xff, 0xff, 0x00, 0x00, 0x00, 0x00,
  0x00, 0x01, 0x01, 0x01, 0x01, 0x01, 0x01, 0x01, 0x01, 0x00, 0x00, 0x00,
  0x00, 0xff, 0xff, 0xff, 0xff, 0xff, 0xff, 0xfe, 0xfe, 0xfe, 0xfe, 0xfe,
  0xfe, 0xfe, 0xfe, 0xfe, 0xff, 0xff, 0xff, 0xff, 0xff, 0xff, 0xff, 0x00,
  0x00, 0x00, 0x00, 0x01, 0x01, 0x01, 0x01, 0x01, 0x01, 0x01, 0x01, 0x01,
  0x01, 0x01, 0x00, 0x00, 0x00, 0xff, 0xff, 0xfe, 0xfe, 0xfe, 0xfd, 0xfd,
  0xfd, 0xfd, 0xfd, 0xfd, 0xfe, 0xfe, 0xfe, 0xff, 0xff, 0x00, 0x00, 0x01,
  0x01, 0x01, 0x01, 0x02, 0x02, 0x02, 0x01, 0x01, 0x01, 0x01, 0x01, 0x00,
  0x00, 0x00, 0x00, 0x00, 0xff, 0xff, 0xff, 0xff, 0xff, 0xff, 0xfe, 0xfe,
  0xfe, 0xfe, 0xfe, 0xfe, 0xfe, 0xfe, 0xfe, 0xfe, 0xfe, 0xff, 0xff, 0xff,
  0xff, 0x00, 0x00, 0x00, 0x01, 0x01, 0x01, 0x01, 0x01, 0x01, 0x01, 0x01,
  0x01, 0x01, 0x01, 0x00, 0x00, 0x00, 0xff, 0xff, 0xff, 0xff, 0xfe, 0xfe,
  0xfe, 0xfe, 0xfe, 0xfe, 0xfe, 0xff, 0xff, 0xff, 0xff, 0xff, 0xff, 0xff,
  0xff, 0xff, 0xff, 0x00, 0x00, 0x00, 0x00, 0x00, 0x00, 0x00, 0x00, 0x00,
  0x00, 0x00, 0x01, 0x01, 0x01, 0x00, 0x00, 0x00, 0x00, 0x00, 0x00, 0x00,
  0x00, 0xff, 0xff, 0xff, 0xff, 0xff, 0xff, 0xff, 0xff, 0xff, 0xff, 0xff,
  0xff, 0xff, 0xff, 0xff, 0xff, 0xff, 0xff, 0xff, 0xff, 0xff, 0xff, 0xff,
  0xff, 0xff, 0xff, 0xff, 0xff, 0xff, 0xff, 0xff, 0x00, 0x00, 0x00, 0x01,
  0x01, 0x01, 0x02, 0x02, 0x02, 0x02, 0x02, 0x02, 0x01, 0x01, 0x00, 0x00,
  0xff, 0xff, 0xfe, 0xfe, 0xfd, 0xfd, 0xfd, 0xfd, 0xfd, 0xfd, 0xfd, 0xfd,
  0xfe, 0xfe, 0xfe, 0xff, 0xff, 0x00, 0x00, 0x00, 0x01, 0x01, 0x01, 0x02,
  0x02, 0x02, 0x02, 0x02, 0x02, 0x02, 0x02, 0x02, 0x02, 0x01, 0x01, 0x01,
  0x00, 0x00, 0x00, 0xff, 0xfe, 0xfe, 0xfd, 0xfd, 0xfc, 0xfc, 0xfb, 0xfb,
  0xfb, 0xfb, 0xfc, 0xfc, 0xfc, 0xfd, 0xfe, 0xff, 0xff, 0x00, 0x01, 0x02,
  0x03, 0x03, 0x04, 0x04, 0x04, 0x04, 0x04, 0x04, 0x03, 0x03, 0x02, 0x02,
  0x01, 0x00, 0x00, 0xff, 0xff, 0xfe, 0xfd, 0xfd, 0xfd, 0xfc, 0xfc, 0xfc,
  0xfc, 0xfb, 0xfb, 0xfc, 0xfc, 0xfc, 0xfd, 0xfd, 0xfe, 0xfe, 0xff, 0x00,
  0x01, 0x01, 0x02, 0x03, 0x04, 0x04, 0x04, 0x05, 0x05, 0x05, 0x04, 0x04,
  0x03, 0x02, 0x01, 0x01, 0x00, 0xff, 0xfe, 0xfd, 0xfc, 0xfc, 0xfb, 0xfb,
  0xfb, 0xfb, 0xfb, 0xfc, 0xfc, 0xfd, 0xfd, 0xfe, 0xfe, 0xff, 0x00, 0x00,
  0x01, 0x01, 0x01, 0x01, 0x01, 0x01, 0x01, 0x01, 0x01, 0x01, 0x01, 0x01,
  0x01, 0x01, 0x01, 0x01, 0x01, 0x01, 0x00, 0x00, 0x00, 0x00, 0xff, 0xff,
  0xff, 0xfe, 0xfe, 0xfe, 0xfe, 0xfe, 0xfd, 0xfd, 0xfe, 0xfe, 0xfe, 0xfe,
  0xff, 0xff, 0xff, 0x00, 0x00, 0x00, 0x00, 0x00, 0x00, 0x00, 0x00, 0x00,
  0x00, 0x00, 0x00, 0x00, 0x00, 0x00, 0x00, 0x00, 0x00, 0x00, 0x00, 0x00,
  0x01, 0x01, 0x01, 0x01, 0x01, 0x01, 0x01, 0x01, 0x01, 0x01, 0x00, 0xff,
  0xff, 0xfe, 0xfe, 0xfd, 0xfc, 0xfc, 0xfc, 0xfc, 0xfc, 0xfc, 0xfc, 0xfd,
  0xfd, 0xfd, 0xfe, 0xfe, 0xff, 0x00, 0x00, 0x01, 0x01, 0x02, 0x02, 0x03,
  0x03, 0x03, 0x03, 0x03, 0x04, 0x04, 0x03, 0x03, 0x03, 0x03, 0x02, 0x02,
  0x01, 0x00, 0xff, 0xfe, 0xfe, 0xfd, 0xfc, 0xfb, 0xfa, 0xf9, 0xf9, 0xf9,
  0xf9, 0xf9, 0xf9, 0xfa, 0xfb, 0xfc, 0xfe, 0xff, 0x00, 0x02, 0x03, 0x05,
  0x06, 0x07, 0x08, 0x08, 0x08, 0x08, 0x08, 0x07, 0x06, 0x05, 0x03, 0x02,
  0x01, 0xff, 0xfe, 0xfd, 0xfc, 0xfb, 0xfa, 0xf9, 0xf8, 0xf8, 0xf8, 0xf7,
  0xf7, 0xf8, 0xf8, 0xf9, 0xf9, 0xfa, 0xfb, 0xfc, 0xfd, 0xff, 0x00, 0x01,
  0x02, 0x04, 0x05, 0x06, 0x07, 0x08, 0x08, 0x09, 0x09, 0x09, 0x08, 0x07,
  0x06, 0x05, 0x04, 0x02, 0x00, 0xff, 0xfd, 0xfc, 0xfa, 0xf9, 0xf8, 0xf7,
  0xf7, 0xf7, 0xf7, 0xf8, 0xf8, 0xf9, 0xfb, 0xfc, 0xfd, 0xff, 0x00, 0x02,
  0x03, 0x04, 0x05, 0x05, 0x06, 0x06, 0x06, 0x06, 0x05, 0x05, 0x04, 0x04,
  0x03, 0x03, 0x02, 0x01, 0x00, 0xff, 0xfe, 0xfd, 0xfd, 0xfc, 0xfb, 0xfb,
  0xfa, 0xfa, 0xfa, 0xfa, 0xfa, 0xfa, 0xfa, 0xfb, 0xfc, 0xfc, 0xfd, 0xfe,
  0xff, 0x00, 0x01, 0x02, 0x03, 0x04, 0x04, 0x04, 0x05, 0x04, 0x04, 0x04,
  0x03, 0x03, 0x02, 0x01, 0x01, 0x00, 0x00, 0xff, 0xff, 0xff, 0xfe, 0xfe,
  0xfe, 0xfe, 0xfe, 0xff, 0xff, 0xff, 0xff, 0xff, 0xff, 0xfe, 0xfe, 0xfd,
  0xfd, 0xfc, 0xfc, 0xfb, 0xfb, 0xfb, 0xfb, 0xfb, 0xfc, 0xfc, 0xfd, 0xfe,
  0xff, 0x00, 0x01, 0x02, 0x03, 0x04, 0x04, 0x05, 0x06, 0x06, 0x06, 0x07,
  0x07, 0x07, 0x06, 0x06, 0x06, 0x06, 0x05, 0x05, 0x04, 0x03, 0x03, 0x02,
  0x01, 0xff, 0xfe, 0xfc, 0xfb, 0xf9, 0xf8, 0xf6, 0xf5, 0xf4, 0xf3, 0xf3,
  0xf2, 0xf2, 0xf3, 0xf4, 0xf5, 0xf7, 0xf9, 0xfb, 0xfd, 0xff, 0x02, 0x04,
  0x06, 0x09, 0x0a, 0x0c, 0x0d, 0x0d, 0x0d, 0x0d, 0x0c, 0x0b, 0x09, 0x07,
  0x05, 0x03, 0x01, 0xff, 0xfd, 0xfb, 0xfa, 0xf8, 0xf7, 0xf6, 0xf5, 0xf5,
  0xf5, 0xf5, 0xf5, 0xf6, 0xf7, 0xf8, 0xfa, 0xfb, 0xfd, 0xff, 0x01, 0x03,
  0x05, 0x07, 0x08, 0x0a, 0x0b, 0x0c, 0x0d, 0x0d, 0x0d, 0x0d, 0x0c, 0x0a,
  0x08, 0x06, 0x04, 0x02, 0xff, 0xfd, 0xfb, 0xf8, 0xf6, 0xf5, 0xf3, 0xf2,
  0xf2, 0xf2, 0xf2, 0xf3, 0xf4, 0xf5, 0xf7, 0xf9, 0xfb, 0xfd, 0xff, 0x01,
  0x02, 0x04, 0x05, 0x06, 0x07, 0x07, 0x07, 0x07, 0x07, 0x07, 0x06, 0x05,
  0x04, 0x03, 0x02, 0x01, 0x00, 0xff, 0xfe, 0xfc, 0xfb, 0xfa, 0xf9, 0xf8,
  0xf7, 0xf7, 0xf6, 0xf6, 0xf7, 0xf7, 0xf8, 0xfa, 0xfb, 0xfd, 0xff, 0x01,
  0x03, 0x05, 0x07, 0x08, 0x0a, 0x0b, 0x0c, 0x0d, 0x0d, 0x0d, 0x0c, 0x0b,
  0x0a, 0x08, 0x07, 0x05, 0x03, 0x02, 0x00, 0xfe, 0xfd, 0xfc, 0xfb, 0xfa,
  0xfa, 0xfa, 0xfa, 0xfa, 0xfb, 0xfb, 0xfb, 0xfc, 0xfc, 0xfc, 0xfc, 0xfc,
  0xfb, 0xfb, 0xfa, 0xfa, 0xf9, 0xf8, 0xf8, 0xf8, 0xf8, 0xf8, 0xf8, 0xf9,
  0xf9, 0xfa, 0xfb, 0xfc, 0xfd, 0xfe, 0xfe, 0xff, 0x00, 0x01, 0x02, 0x03,
  0x04, 0x05, 0x05, 0x06, 0x06, 0x07, 0x07, 0x08, 0x08, 0x09, 0x09, 0x09,
  0x08, 0x08, 0x07, 0x06, 0x05, 0x04, 0x03, 0x01, 0x00, 0xff, 0xfe, 0xfd,
  0xfc, 0xfc, 0xfc, 0xfc, 0xfc, 0xfd, 0xfe, 0xff, 0x00, 0x01, 0x02, 0x03,
  0x03, 0x04, 0x04, 0x04, 0x04, 0x03, 0x02, 0x01, 0xff, 0xfe, 0xfc, 0xfa,
  0xf8, 0xf6, 0xf5, 0xf3, 0xf2, 0xf1, 0xf1, 0xf1, 0xf1, 0xf1, 0xf1, 0xf2,
  0xf3, 0xf4, 0xf6, 0xf8, 0xfa, 0xfc, 0xfe, 0x01, 0x03, 0x06, 0x09, 0x0b,
  0x0e, 0x10, 0x12, 0x13, 0x15, 0x16, 0x16, 0x16, 0x15, 0x14, 0x12, 0x0f,
  0x0c, 0x09, 0x05, 0x01, 0xfd, 0xf8, 0xf5, 0xf1, 0xee, 0xeb, 0xe9, 0xe8,
  0xe8, 0xe8, 0xe9, 0xeb, 0xee, 0xf1, 0xf4, 0xf8, 0xfc, 0x00, 0x04, 0x08,
  0x0b, 0x0e, 0x10, 0x12, 0x14, 0x14, 0x14, 0x14, 0x13, 0x12, 0x10, 0x0d,
  0x0b, 0x08, 0x05, 0x01, 0xfe, 0xfb, 0xf8, 0xf5, 0xf2, 0xef, 0xed, 0xec,
  0xeb, 0xea, 0xea, 0xeb, 0xec, 0xed, 0xef, 0xf1, 0xf3, 0xf6, 0xf9, 0xfc,
  0xff, 0x02, 0x05, 0x08, 0x0b, 0x0d, 0x0f, 0x10, 0x11, 0x12, 0x12, 0x11,
  0x10, 0x0e, 0x0c, 0x0a, 0x08, 0x06, 0x03, 0x01, 0xff, 0xfd, 0xfc, 0xfa,
  0xf9, 0xf8, 0xf8, 0xf8, 0xf7, 0xf8, 0xf8, 0xf8, 0xf9, 0xfa, 0xfa, 0xfb,
  0xfc, 0xfc, 0xfd, 0xfd, 0xfe, 0xff, 0x00, 0x00, 0x01, 0x02, 0x03, 0x04,
  0x05, 0x06, 0x06, 0x06, 0x06, 0x05, 0x04, 0x03, 0x02, 0x01, 0xff, 0xfe,
  0xfd, 0xfd, 0xfc, 0xfc, 0xfc, 0xfc, 0xfd, 0xfd, 0xfe, 0xff, 0xff, 0xff,
  0x00, 0xff, 0xff, 0xff, 0xfe, 0xfd, 0xfc, 0xfc, 0xfb, 0xfb, 0xfa, 0xfa,
  0xfa, 0xfa, 0xfb, 0xfb, 0xfc, 0xfe, 0xff, 0x01, 0x03, 0x05, 0x07, 0x09,
  0x0b, 0x0c, 0x0e, 0x0e, 0x0e, 0x0e, 0x0d, 0x0b, 0x09, 0x06, 0x02, 0xff,
  0xfb, 0xf8, 0xf4, 0xf1, 0xee, 0xec, 0xea, 0xe9, 0xe9, 0xe9, 0xea, 0xeb,
  0xec, 0xee, 0xf1, 0xf4, 0xf7, 0xfa, 0xfd, 0x01, 0x05, 0x09, 0x0d, 0x10,
  0x14, 0x17, 0x1a, 0x1c, 0x1e, 0x1f, 0x20, 0x20, 0x1f, 0x1d, 0x1b, 0x17,
  0x14, 0x0f, 0x0a, 0x05, 0x00, 0xfb, 0xf6, 0xf1, 0xed, 0xea, 0xe7, 0xe5,
  0xe3, 0xe3, 0xe3, 0xe3, 0xe5, 0xe6, 0xe8, 0xeb, 0xee, 0xf1, 0xf4, 0xf7,
  0xfa, 0xfe, 0x01, 0x04, 0x06, 0x08, 0x0a, 0x0b, 0x0b, 0x0b, 0x0b, 0x0a,
  0x09, 0x07, 0x05, 0x03, 0x02, 0x00, 0xfe, 0xfc, 0xfa, 0xf9, 0xf7, 0xf6,
  0xf5, 0xf5, 0xf5, 0xf5, 0xf6, 0xf8, 0xfa, 0xfd, 0x00, 0x04, 0x07, 0x0b,
  0x0f, 0x13, 0x16, 0x19, 0x1c, 0x1d, 0x1e, 0x1e, 0x1d, 0x1b, 0x18, 0x14,
  0x10, 0x0b, 0x06, 0x01, 0xfc, 0xf7, 0xf2, 0xee, 0xeb, 0xe8, 0xe6, 0xe5,
  0xe5, 0xe5, 0xe6, 0xe8, 0xea, 0xec, 0xee, 0xf1, 0xf4, 0xf6, 0xf8, 0xfb,
  0xfd, 0xfe, 0x00, 0x01, 0x03, 0x04, 0x05, 0x06, 0x07, 0x07, 0x08, 0x08,
  0x08, 0x07, 0x07, 0x06, 0x05, 0x03, 0x02, 0x00, 0xff, 0xfe, 0xfc, 0xfb,
  0xfa, 0xfa, 0xf9, 0xf9, 0xf9, 0xf9, 0xf9, 0xfa, 0xfb, 0xfc, 0xfd, 0xff,
  0x00, 0x02, 0x04, 0x06, 0x07, 0x08, 0x0a, 0x0a, 0x0b, 0x0b, 0x0b, 0x0b,
  0x0b, 0x0b, 0x0b, 0x0b, 0x0b, 0x0c, 0x0c, 0x0c, 0x0c, 0x0c, 0x0c, 0x0b,
  0x0a, 0x09, 0x07, 0x05, 0x02, 0x00, 0xfd, 0xfa, 0xf7, 0xf4, 0xf1, 0xee,
  0xec, 0xea, 0xe8, 0xe6, 0xe5, 0xe5, 0xe5, 0xe5, 0xe6, 0xe8, 0xe9, 0xeb,
  0xed, 0xef, 0xf1, 0xf3, 0xf6, 0xf8, 0xfb, 0xfe, 0x01, 0x04, 0x08, 0x0b,
  0x0f, 0x13, 0x16, 0x19, 0x1c, 0x1e, 0x1f, 0x1f, 0x1e, 0x1d, 0x1a, 0x16,
  0x12, 0x0d, 0x08, 0x03, 0xfe, 0xf9, 0xf4, 0xf1, 0xed, 0xeb, 0xea, 0xe9,
  0xea, 0xeb, 0xed, 0xf0, 0xf3, 0xf7, 0xfc, 0x01, 0x06, 0x0a, 0x0f, 0x13,
  0x17, 0x19, 0x1b, 0x1c, 0x1c, 0x1b, 0x19, 0x16, 0x12, 0x0d, 0x08, 0x02,
  0xfd, 0xf7, 0xf2, 0xed, 0xe8, 0xe4, 0xe1, 0xdd, 0xdb, 0xd9, 0xd8, 0xd7,
  0xd8, 0xd9, 0xdb, 0xdd, 0xe1, 0xe5, 0xea, 0xf0, 0xf6, 0xfc, 0x03, 0x0a,
  0x11, 0x18, 0x1e, 0x23, 0x28, 0x2c, 0x2f, 0x30, 0x31, 0x30, 0x2d, 0x2a,
  0x26, 0x20, 0x1a, 0x14, 0x0e, 0x07, 0x01, 0xfb, 0xf5, 0xf0, 0xeb, 0xe7,
  0xe4, 0xe1, 0xde, 0xdd, 0xdc, 0xdb, 0xdc, 0xdd, 0xde, 0xe1, 0xe4, 0xe8,
  0xec, 0xf0, 0xf5, 0xfa, 0xff, 0x04, 0x08, 0x0c, 0x0f, 0x12, 0x14, 0x16,
  0x17, 0x18, 0x19, 0x19, 0x18, 0x17, 0x15, 0x13, 0x10, 0x0d, 0x09, 0x06,
  0x03, 0x00, 0xfd, 0xfb, 0xfa, 0xf9, 0xf8, 0xf9, 0xf9, 0xfa, 0xfb, 0xfc,
  0xfd, 0xfe, 0xff, 0xff, 0xfe, 0xfd, 0xfc, 0xfa, 0xf9, 0xf7, 0xf5, 0xf4,
  0xf3, 0xf2, 0xf2, 0xf3, 0xf4, 0xf5, 0xf7, 0xf9, 0xfc, 0xfe, 0x01, 0x04,
  0x06, 0x07, 0x09, 0x09, 0x09, 0x09, 0x08, 0x06, 0x04, 0x02, 0x00, 0xfe,
  0xfc, 0xfa, 0xf8, 0xf7, 0xf6, 0xf6, 0xf6, 0xf6, 0xf7, 0xf8, 0xf9, 0xfa,
  0xfc, 0xfd, 0xff, 0x00, 0x02, 0x04, 0x05, 0x07, 0x0a, 0x0c, 0x0e, 0x10,
  0x12, 0x13, 0x14, 0x14, 0x14, 0x13, 0x12, 0x10, 0x0e, 0x0c, 0x09, 0x07,
  0x04, 0x01, 0xfe, 0xfa, 0xf7, 0xf4, 0xf1, 0xee, 0xeb, 0xea, 0xe8, 0xe8,
  0xe9, 0xea, 0xec, 0xef, 0xf3, 0xf7, 0xfb, 0xff, 0x03, 0x06, 0x09, 0x0c,
  0x0e, 0x0f, 0x10, 0x10, 0x10, 0x0f, 0x0d, 0x0b, 0x08, 0x05, 0x02, 0xfe,
  0xfa, 0xf7, 0xf3, 0xef, 0xeb, 0xe8, 0xe5, 0xe3, 0xe0, 0xdf, 0xde, 0xdd,
  0xde, 0xdf, 0xe1, 0xe4, 0xe8, 0xed, 0xf3, 0xfa, 0x01, 0x09, 0x12, 0x1a,
  0x22, 0x2a, 0x30, 0x35, 0x39, 0x3c, 0x3d, 0x3c, 0x39, 0x36, 0x30, 0x2a,
  0x23, 0x1b, 0x13, 0x0b, 0x03, 0xfc, 0xf4, 0xee, 0xe8, 0xe3, 0xe0, 0xdd,
  0xdb, 0xda, 0xdb, 0xdc, 0xde, 0xe0, 0xe3, 0xe7, 0xea, 0xee, 0xf1, 0xf5,
  0xf7, 0xfa, 0xfc, 0xfd, 0xfe, 0xff, 0x00, 0x00, 0x01, 0x01, 0x01, 0x02,
  0x02, 0x01, 0x01, 0x00, 0xfe, 0xfd, 0xfb, 0xf8, 0xf6, 0xf3, 0xf1, 0xef,
  0xee, 0xed, 0xed, 0xee, 0xf0, 0xf2, 0xf6, 0xfa, 0xfe, 0x03, 0x08, 0x0d,
  0x12, 0x17, 0x1c, 0x1f, 0x23, 0x25, 0x27, 0x28, 0x28, 0x27, 0x26, 0x24,
  0x21, 0x1f, 0x1c, 0x19, 0x16, 0x13, 0x10, 0x0d, 0x09, 0x05, 0x01, 0xfc,
  0xf7, 0xf2, 0xed, 0xe8, 0xe3, 0xde, 0xda, 0xd6, 0xd3, 0xd2, 0xd1, 0xd1,
  0xd1, 0xd3, 0xd5, 0xd8, 0xdb, 0xdf, 0xe3, 0xe8, 0xed, 0xf2, 0xf7, 0xfd,
  0x02, 0x08, 0x0d, 0x11, 0x15, 0x19, 0x1c, 0x1e, 0x20, 0x21, 0x22, 0x22,
  0x23, 0x23, 0x23, 0x22, 0x22, 0x20, 0x1f, 0x1c, 0x18, 0x14, 0x0f, 0x08,
  0x02, 0xfa, 0xf2, 0xeb, 0xe3, 0xdd, 0xd7, 0xd3, 0xd0, 0xcf, 0xcf, 0xd1,
  0xd5, 0xda, 0xe1, 0xe8, 0xf0, 0xf8, 0x01, 0x09, 0x11, 0x18, 0x1e, 0x24,
  0x28, 0x2a, 0x2c, 0x2c, 0x2b, 0x29, 0x26, 0x22, 0x1d, 0x17, 0x11, 0x0b,
  0x05, 0xff, 0xf9, 0xf3, 0xee, 0xe9, 0xe5, 0xe1, 0xde, 0xdb, 0xd9, 0xd8,
  0xd7, 0xd7, 0xd8, 0xda, 0xde, 0xe2, 0xe7, 0xec, 0xf3, 0xf9, 0x00, 0x07,
  0x0e, 0x14, 0x19, 0x1e, 0x22, 0x26, 0x28, 0x29, 0x28, 0x27, 0x24, 0x20,
  0x1c, 0x16, 0x10, 0x0a, 0x03, 0xfc, 0xf6, 0xf1, 0xec, 0xe9, 0xe6, 0xe5,
  0xe5, 0xe6, 0xe7, 0xe9, 0xeb, 0xed, 0xf0, 0xf2, 0xf5, 0xf7, 0xf9, 0xfb,
  0xfe, 0x00, 0x03, 0x06, 0x08, 0x0b, 0x0d, 0x0f, 0x11, 0x12, 0x12, 0x12,
  0x11, 0x0f, 0x0d, 0x0a, 0x07, 0x03, 0xff, 0xfb, 0xf6, 0xf2, 0xee, 0xeb,
  0xe8, 0xe7, 0xe6, 0xe6, 0xe8, 0xeb, 0xef, 0xf4, 0xf9, 0xff, 0x05, 0x0b,
  0x10, 0x15, 0x18, 0x1b, 0x1c, 0x1d, 0x1c, 0x1b, 0x18, 0x15, 0x12, 0x0f,
  0x0d, 0x0a, 0x08, 0x06, 0x04, 0x03, 0x02, 0x01, 0x00, 0xff, 0xfe, 0xfc,
  0xfb, 0xf9, 0xf7, 0xf4, 0xf1, 0xee, 0xea, 0xe7, 0xe3, 0xe0, 0xdd, 0xdb,
  0xda, 0xd9, 0xda, 0xdb, 0xde, 0xe1, 0xe6, 0xea, 0xf0, 0xf5, 0xfb, 0x00,
  0x05, 0x0a, 0x0e, 0x11, 0x14, 0x16, 0x18, 0x19, 0x1a, 0x1c, 0x1d, 0x1e,
  0x1f, 0x1f, 0x20, 0x20, 0x20, 0x1f, 0x1e, 0x1c, 0x1a, 0x18, 0x15, 0x11,
  0x0d, 0x0a, 0x05, 0x01, 0xfd, 0xf9, 0xf6, 0xf3, 0xf0, 0xef, 0xee, 0xed,
  0xee, 0xef, 0xf1, 0xf4, 0xf7, 0xf9, 0xfc, 0xfe, 0x00, 0x01, 0x01, 0x00,
  0xfe, 0xfb, 0xf8, 0xf4, 0xf0, 0xec, 0xe8, 0xe5, 0xe2, 0xe0, 0xde, 0xdd,
  0xdd, 0xdd, 0xdd, 0xde, 0xe0, 0xe2, 0xe4, 0xe7, 0xeb, 0xef, 0xf3, 0xf8,
  0xfd, 0x02, 0x08, 0x0d, 0x13, 0x19, 0x1e, 0x24, 0x2a, 0x30, 0x35, 0x3a,
  0x3f, 0x42, 0x45, 0x45, 0x45, 0x42, 0x3e, 0x38, 0x30, 0x27, 0x1c, 0x11,
  0x04, 0xf8, 0xec, 0xe1, 0xd7, 0xcf, 0xc8, 0xc3, 0xc1, 0xc0, 0xc1, 0xc3,
  0xc7, 0xcd, 0xd3, 0xda, 0xe1, 0xe8, 0xef, 0xf6, 0xfd, 0x02, 0x07, 0x0c,
  0x10, 0x13, 0x15, 0x16, 0x17, 0x18, 0x18, 0x17, 0x16, 0x15, 0x14, 0x12,
  0x0f, 0x0c, 0x09, 0x05, 0x01, 0xfc, 0xf7, 0xf1, 0xeb, 0xe6, 0xe1, 0xdd,
  0xd9, 0xd7, 0xd6, 0xd6, 0xd8, 0xdc, 0xe0, 0xe6, 0xed, 0xf4, 0xfc, 0x04,
  0x0c, 0x13, 0x1a, 0x20, 0x25, 0x2a, 0x2d, 0x2f, 0x2f, 0x2f, 0x2e, 0x2c,
  0x2a, 0x27, 0x24, 0x21, 0x1e, 0x1c, 0x19, 0x16, 0x13, 0x10, 0x0c, 0x08,
  0x03, 0xfe, 0xf8, 0xf2, 0xeb, 0xe4, 0xde, 0xd8, 0xd3, 0xce, 0xcc, 0xca,
  0xca, 0xcc, 0xce, 0xd2, 0xd6, 0xdc, 0xe1, 0xe7, 0xed, 0xf3, 0xf8, 0xfd,
  0x02, 0x06, 0x0a, 0x0d, 0x10, 0x12, 0x13, 0x14, 0x14, 0x13, 0x13, 0x12,
  0x11, 0x11, 0x10, 0x10, 0x10, 0x10, 0x10, 0x10, 0x0f, 0x0e, 0x0c, 0x09,
  0x06, 0x03, 0xff, 0xfa, 0xf6, 0xf2, 0xef, 0xed, 0xec, 0xec, 0xee, 0xf1,
  0xf5, 0xfa, 0x00, 0x07, 0x0e, 0x14, 0x1a, 0x1f, 0x23, 0x25, 0x26, 0x25,
  0x22, 0x1e, 0x19, 0x13, 0x0b, 0x03, 0xfb, 0xf2, 0xeb, 0xe4, 0xdd, 0xd8,
  0xd4, 0xd2, 0xd0, 0xd0, 0xd1, 0xd3, 0xd5, 0xd8, 0xdb, 0xde, 0xe2, 0xe6,
  0xeb, 0xef, 0xf5, 0xfa, 0x00, 0x06, 0x0c, 0x13, 0x19, 0x20, 0x26, 0x2b,
  0x30, 0x34, 0x36, 0x38, 0x38, 0x37, 0x34, 0x30, 0x2b, 0x25, 0x1e, 0x17,
  0x0e, 0x05, 0xfc, 0xf4, 0xeb, 0xe3, 0xdd, 0xd7, 0xd4, 0xd2, 0xd1, 0xd2,
  0xd5, 0xd9, 0xdd, 0xe3, 0xe8, 0xed, 0xf2, 0xf6, 0xf8, 0xfa, 0xfb, 0xfb,
  0xfb, 0xfa, 0xfa, 0xfa, 0xfa, 0xfb, 0xfd, 0xff, 0x01, 0x04, 0x07, 0x09,
  0x0b, 0x0d, 0x0e, 0x0f, 0x0e, 0x0d, 0x0c, 0x0a, 0x08, 0x07, 0x05, 0x03,
  0x02, 0x01, 0x02, 0x03, 0x05, 0x07, 0x0b, 0x0f, 0x13, 0x18, 0x1c, 0x1f,
  0x21, 0x22, 0x22, 0x20, 0x1d, 0x18, 0x12, 0x0c, 0x04, 0xfd, 0xf5, 0xef,
  0xe9, 0xe4, 0xe0, 0xdd, 0xdb, 0xda, 0xda, 0xdb, 0xdd, 0xdf, 0xe2, 0xe5,
  0xe8, 0xeb, 0xed, 0xf0, 0xf2, 0xf3, 0xf4, 0xf4, 0xf5, 0xf5, 0xf5, 0xf5,
  0xf6, 0xf7, 0xf9, 0xfc, 0x00, 0x04, 0x09, 0x0e, 0x13, 0x18, 0x1c, 0x20,
  0x22, 0x22, 0x22, 0x20, 0x1e, 0x1a, 0x15, 0x10, 0x0b, 0x06, 0x02, 0xfe,
  0xfb, 0xf9, 0xf7, 0xf7, 0xf7, 0xf8, 0xf9, 0xfb, 0xfc, 0xfd, 0xfe, 0xfe,
  0xfe, 0xfe, 0xfd, 0xfc, 0xfc, 0xfc, 0xfc, 0xfd, 0xfe, 0x00, 0x03, 0x06,
  0x0a, 0x0f, 0x14, 0x18, 0x1d, 0x20, 0x23, 0x23, 0x23, 0x20, 0x1c, 0x16,
  0x0e, 0x05, 0xfb, 0xf1, 0xe7, 0xdd, 0xd4, 0xcc, 0xc5, 0xc0, 0xbc, 0xba,
  0xb9, 0xba, 0xbc, 0xbf, 0xc4, 0xca, 0xd1, 0xd8, 0xe0, 0xe9, 0xf2, 0xfc,
  0x05, 0x0e, 0x16, 0x1d, 0x24, 0x2a, 0x2e, 0x32, 0x36, 0x39, 0x3b, 0x3d,
  0x3f, 0x40, 0x41, 0x40, 0x3f, 0x3d, 0x38, 0x33, 0x2b, 0x22, 0x17, 0x0b,
  0xff, 0xf3, 0xe7, 0xdd, 0xd5, 0xcf, 0xcb, 0xca, 0xcb, 0xcf, 0xd4, 0xdb,
  0xe4, 0xed, 0xf6, 0xfe, 0x06, 0x0d, 0x12, 0x16, 0x18, 0x18, 0x16, 0x13,
  0x0f, 0x09, 0x04, 0xfe, 0xf9, 0xf4, 0xf0, 0xec, 0xe9, 0xe7, 0xe5, 0xe4,
  0xe2, 0xe1, 0xe0, 0xde, 0xdd, 0xdc, 0xdc, 0xdc, 0xdc, 0xdd, 0xdf, 0xe3,
  0xe7, 0xec, 0xf2, 0xf9, 0x01, 0x08, 0x10, 0x18, 0x1f, 0x26, 0x2c, 0x32,
  0x36, 0x3a, 0x3c, 0x3e, 0x3e, 0x3c, 0x3a, 0x36, 0x30, 0x2a, 0x22, 0x1a,
  0x11, 0x08, 0x01, 0xf9, 0xf4, 0xef, 0xec, 0xea, 0xea, 0xea, 0xeb, 0xed,
  0xee, 0xef, 0xef, 0xee, 0xec, 0xe8, 0xe4, 0xdf, 0xda, 0xd5, 0xd2, 0xd0,
  0xd0, 0xd2, 0xd6, 0xdb, 0xe2, 0xea, 0xf3, 0xfc, 0x05, 0x0c, 0x13, 0x19,
  0x1d, 0x20, 0x21, 0x22, 0x21, 0x20, 0x1e, 0x1b, 0x18, 0x14, 0x11, 0x0e,
  0x0b, 0x09, 0x08, 0x06, 0x05, 0x04, 0x03, 0x02, 0x00, 0xff, 0xfc, 0xf9,
  0xf6, 0xf2, 0xef, 0xeb, 0xe9, 0xe7, 0xe6, 0xe6, 0xe7, 0xe9, 0xec, 0xf0,
  0xf5, 0xfa, 0x00, 0x05, 0x0a, 0x0f, 0x14, 0x18, 0x1c, 0x1f, 0x20, 0x21,
  0x21, 0x1f, 0x1b, 0x15, 0x0f, 0x07, 0xfe, 0xf5, 0xec, 0xe4, 0xde, 0xda,
  0xd8, 0xd8, 0xda, 0xde, 0xe4, 0xeb, 0xf2, 0xf9, 0x00, 0x06, 0x0b, 0x0e,
  0x10, 0x11, 0x12, 0x11, 0x11, 0x10, 0x10, 0x10, 0x10, 0x10, 0x10, 0x11,
  0x11, 0x11, 0x11, 0x0f, 0x0d, 0x09, 0x05, 0xff, 0xf9, 0xf3, 0xed, 0xe7,
  0xe1, 0xdd, 0xd9, 0xd7, 0xd7, 0xd9, 0xdd, 0xe2, 0xe9, 0xf1, 0xfa, 0x03,
  0x0c, 0x16, 0x1e, 0x25, 0x2b, 0x2e, 0x30, 0x2f, 0x2c, 0x27, 0x21, 0x19,
  0x10, 0x07, 0xfe, 0xf5, 0xec, 0xe5, 0xde, 0xd9, 0xd5, 0xd2, 0xd0, 0xd0,
  0xd1, 0xd3, 0xd6, 0xdb, 0xe0, 0xe6, 0xed, 0xf5, 0xfc, 0x02, 0x08, 0x0d,
  0x12, 0x15, 0x18, 0x1a, 0x1c, 0x1e, 0x21, 0x24, 0x27, 0x2b, 0x2f, 0x32,
  0x35, 0x37, 0x36, 0x34, 0x2f, 0x28, 0x1f, 0x14, 0x08, 0xfb, 0xef, 0xe4,
  0xda, 0xd3, 0xcd, 0xca, 0xca, 0xcc, 0xd0, 0xd5, 0xdb, 0xe1, 0xe8, 0xee,
  0xf4, 0xf8, 0xfc, 0xfe, 0xff, 0x00, 0xff, 0xfe, 0xfc, 0xfa, 0xf8, 0xf6,
  0xf5, 0xf5, 0xf5, 0xf7, 0xf9, 0xfb, 0xfe, 0x00, 0x03, 0x05, 0x07, 0x08,
  0x08, 0x08, 0x07, 0x07, 0x06, 0x05, 0x04, 0x04, 0x04, 0x05, 0x05, 0x06,
  0x07, 0x08, 0x09, 0x09, 0x0a, 0x0b, 0x0c, 0x0c, 0x0d, 0x0f, 0x10, 0x11,
  0x12, 0x13, 0x14, 0x14, 0x14, 0x12, 0x10, 0x0d, 0x0a, 0x06, 0x03, 0x00,
  0xff, 0xfe, 0xff, 0x01, 0x03, 0x06, 0x0a, 0x0c, 0x0d, 0x0d, 0x0a, 0x06,
  0xfe, 0xf5, 0xea, 0xde, 0xd2, 0xc6, 0xbc, 0xb4, 0xaf, 0xad, 0xae, 0xb3,
  0xba, 0xc3, 0xce, 0xda, 0xe7, 0xf3, 0xff, 0x0a, 0x15, 0x1e, 0x25, 0x2c,
  0x31, 0x35, 0x38, 0x3b, 0x3c, 0x3c, 0x3b, 0x39, 0x37, 0x33, 0x2f, 0x2a,
  0x25, 0x20, 0x1a, 0x14, 0x0d, 0x06, 0xff, 0xf8, 0xf1, 0xea, 0xe3, 0xdd,
  0xd7, 0xd3, 0xd1, 0xd0, 0xd1, 0xd3, 0xd7, 0xdc, 0xe2, 0xe9, 0xf1, 0xf9,
  0x01, 0x0a, 0x12, 0x1a, 0x21, 0x28, 0x2d, 0x30, 0x32, 0x31, 0x2e, 0x29,
  0x21, 0x17, 0x0b, 0xff, 0xf2, 0xe6, 0xdc, 0xd3, 0xcc, 0xc9, 0xc7, 0xc9,
  0xcc, 0xd1, 0xd7, 0xde, 0xe5, 0xeb, 0xf0, 0xf4, 0xf7, 0xfa, 0xfb, 0xfd,
  0x00, 0x02, 0x06, 0x0b, 0x11, 0x17, 0x1d, 0x23, 0x28, 0x2c, 0x2e, 0x2f,
  0x2d, 0x29, 0x24, 0x1d, 0x14, 0x0b, 0x02, 0xfa, 0xf2, 0xeb, 0xe6, 0xe2,
  0xe0, 0xdf, 0xe0, 0xe3, 0xe7, 0xec, 0xf3, 0xf9, 0x00, 0x07, 0x0e, 0x13,
  0x18, 0x1c, 0x1f, 0x20, 0x1f, 0x1d, 0x1a, 0x15, 0x0f, 0x09, 0x02, 0xfc,
  0xf6, 0xf0, 0xeb, 0xe8, 0xe5, 0xe3, 0xe2, 0xe2, 0xe3, 0xe5, 0xe7, 0xea,
  0xee, 0xf1, 0xf5, 0xf9, 0xfc, 0xfe, 0x00, 0x00, 0x00, 0xff, 0xfd, 0xfb,
  0xf9, 0xf8, 0xf9, 0xfb, 0xfe, 0x02, 0x08, 0x0e, 0x14, 0x19, 0x1d, 0x20,
  0x21, 0x1f, 0x1b, 0x16, 0x0f, 0x08, 0x01, 0xfa, 0xf5, 0xf2, 0xf0, 0xf1,
  0xf3, 0xf6, 0xfa, 0xfe, 0x02, 0x06, 0x08, 0x0a, 0x0a, 0x09, 0x07, 0x04,
  0x01, 0xfd, 0xfa, 0xf6, 0xf2, 0xef, 0xeb, 0xe9, 0xe7, 0xe6, 0xe6, 0xe7,
  0xe9, 0xec, 0xf0, 0xf4, 0xf9, 0xff, 0x04, 0x09, 0x0e, 0x13, 0x17, 0x1a,
  0x1d, 0x1e, 0x1f, 0x1f, 0x1e, 0x1d, 0x1b, 0x18, 0x15, 0x11, 0x0c, 0x08,
  0x03, 0xfe, 0xf9, 0xf4, 0xf0, 0xec, 0xe8, 0xe5, 0xe3, 0xe1, 0xe0, 0xe0,
  0xe0, 0xe0, 0xe1, 0xe2, 0xe4, 0xe7, 0xea, 0xef, 0xf6, 0xfd, 0x06, 0x10,
  0x1a, 0x24, 0x2e, 0x36, 0x3b, 0x3e, 0x3e, 0x3a, 0x33, 0x29, 0x1b, 0x0c,
  0xfc, 0xeb, 0xdc, 0xce, 0xc3, 0xbc, 0xb7, 0xb6, 0xb8, 0xbc, 0xc3, 0xcb,
  0xd3, 0xdc, 0xe6, 0xee, 0xf7, 0x00, 0x08, 0x10, 0x18, 0x20, 0x28, 0x2f,
  0x35, 0x3b, 0x3f, 0x42, 0x44, 0x44, 0x42, 0x40, 0x3b, 0x36, 0x30, 0x28,
  0x20, 0x18, 0x0f, 0x05, 0xfb, 0xf1, 0xe6, 0xdc, 0xd3, 0xca, 0xc3, 0xbd,
  0xb9, 0xb6, 0xb6, 0xb7, 0xbb, 0xc1, 0xc8, 0xd1, 0xdb, 0xe6, 0xf1, 0xfd,
  0x08, 0x13, 0x1d, 0x25, 0x2c, 0x31, 0x34, 0x34, 0x32, 0x2d, 0x27, 0x1e,
  0x15, 0x0b, 0x02, 0xfa, 0xf3, 0xee, 0xea, 0xe9, 0xe9, 0xeb, 0xed, 0xf0,
  0xf2, 0xf3, 0xf4, 0xf4, 0xf4, 0xf3, 0xf2, 0xf1, 0xf2, 0xf4, 0xf7, 0xfc,
  0x02, 0x09, 0x11, 0x18, 0x1f, 0x24, 0x28, 0x2a, 0x2a, 0x28, 0x24, 0x1f,
  0x18, 0x11, 0x0a, 0x03, 0xfd, 0xf9, 0xf5, 0xf3, 0xf1, 0xf1, 0xf1, 0xf1,
  0xf2, 0xf4, 0xf5, 0xf7, 0xf9, 0xfb, 0xfd, 0xfe, 0xff, 0x00, 0x00, 0x00,
  0xfe, 0xfb, 0xf7, 0xf3, 0xee, 0xe8, 0xe3, 0xdf, 0xdb, 0xd9, 0xd8, 0xd9,
  0xdc, 0xe0, 0xe6, 0xed, 0xf5, 0xfd, 0x06, 0x0e, 0x16, 0x1d, 0x23, 0x28,
  0x2a, 0x2c, 0x2b, 0x28, 0x24, 0x1e, 0x17, 0x10, 0x09, 0x02, 0xfc, 0xf8,
  0xf5, 0xf3, 0xf3, 0xf4, 0xf5, 0xf6, 0xf7, 0xf8, 0xf8, 0xf6, 0xf4, 0xf2,
  0xef, 0xec, 0xeb, 0xea, 0xec, 0xef, 0xf5, 0xfd, 0x05, 0x0f, 0x19, 0x22,
  0x2a, 0x31, 0x35, 0x37, 0x36, 0x33, 0x2f, 0x28, 0x20, 0x17, 0x0e, 0x04,
  0xfa, 0xf0, 0xe6, 0xdc, 0xd3, 0xcb, 0xc4, 0xbe, 0xb9, 0xb7, 0xb6, 0xb8,
  0xbc, 0xc2, 0xca, 0xd4, 0xdf, 0xeb, 0xf7, 0x02, 0x0e, 0x18, 0x21, 0x29,
  0x2f, 0x35, 0x38, 0x3b, 0x3c, 0x3c, 0x3b, 0x38, 0x35, 0x30, 0x2a, 0x23,
  0x1a, 0x11, 0x07, 0xfd, 0xf2, 0xe8, 0xde, 0xd5, 0xce, 0xc7, 0xc3, 0xc0,
  0xbf, 0xc1, 0xc5, 0xcb, 0xd3, 0xde, 0xeb, 0xf9, 0x08, 0x17, 0x25, 0x33,
  0x3d, 0x46, 0x4b, 0x4c, 0x4a, 0x45, 0x3c, 0x31, 0x25, 0x18, 0x0a, 0xfe,
  0xf2, 0xe9, 0xe1, 0xdb, 0xd7, 0xd5, 0xd4, 0xd4, 0xd4, 0xd5, 0xd6, 0xd7,
  0xd9, 0xdb, 0xde, 0xe1, 0xe6, 0xeb, 0xf1, 0xf8, 0xfe, 0x05, 0x0c, 0x12,
  0x18, 0x1c, 0x20, 0x23, 0x25, 0x26, 0x27, 0x27, 0x26, 0x25, 0x22, 0x1f,
  0x1b, 0x16, 0x10, 0x09, 0x02, 0xf9, 0xf1, 0xea, 0xe2, 0xdc, 0xd8, 0xd4,
  0xd3, 0xd3, 0xd5, 0xd8, 0xdd, 0xe3, 0xea, 0xf1, 0xf8, 0xfe, 0x04, 0x09,
  0x0d, 0x0f, 0x11, 0x11, 0x10, 0x0e, 0x0c, 0x09, 0x06, 0x03, 0x01, 0x00,
  0x00, 0x01, 0x03, 0x06, 0x0a, 0x0e, 0x13, 0x16, 0x19, 0x1b, 0x1c, 0x1b,
  0x19, 0x15, 0x11, 0x0d, 0x08, 0x04, 0x01, 0xff, 0xfd, 0xfc, 0xfc, 0xfc,
  0xfb, 0xfa, 0xf8, 0xf4, 0xf0, 0xec, 0xe6, 0xe1, 0xdc, 0xd8, 0xd5, 0xd4,
  0xd5, 0xd8, 0xdc, 0xe1, 0xe8, 0xf0, 0xf8, 0x01, 0x09, 0x12, 0x19, 0x20,
  0x26, 0x2b, 0x2f, 0x31, 0x32, 0x31, 0x2f, 0x2a, 0x23, 0x1a, 0x10, 0x05,
  0xf8, 0xeb, 0xdf, 0xd4, 0xca, 0xc2, 0xbd, 0xbb, 0xbc, 0xc0, 0xc7, 0xd0,
  0xda, 0xe6, 0xf2, 0xfe, 0x0b, 0x16, 0x20, 0x2a, 0x31, 0x37, 0x3b, 0x3e,
  0x3e, 0x3e, 0x3b, 0x38, 0x34, 0x2f, 0x2a, 0x24, 0x1f, 0x18, 0x12, 0x0a,
  0x03, 0xfa, 0xf2, 0xe8, 0xde, 0xd5, 0xcb, 0xc2, 0xbb, 0xb5, 0xb1, 0xb0,
  0xb2, 0xb7, 0xbe, 0xc8, 0xd4, 0xe2, 0xf1, 0x00, 0x0e, 0x1c, 0x28, 0x33,
  0x3b, 0x40, 0x44, 0x45, 0x45, 0x42, 0x3e, 0x38, 0x31, 0x29, 0x1f, 0x14,
  0x09, 0xfc, 0xf0, 0xe4, 0xd9, 0xd0, 0xc8, 0xc2, 0xbe, 0xbd, 0xbe, 0xc1,
  0xc6, 0xcc, 0xd4, 0xdc, 0xe5, 0xee, 0xf7, 0x00, 0x08, 0x10, 0x18, 0x1f,
  0x26, 0x2d, 0x33, 0x38, 0x3c, 0x3f, 0x40, 0x40, 0x3d, 0x39, 0x32, 0x2a,
  0x20, 0x15, 0x09, 0xfd, 0xf2, 0xe7, 0xde, 0xd6, 0xd1, 0xcd, 0xcb, 0xcc,
  0xce, 0xd2, 0xd8, 0xdf, 0xe6, 0xee, 0xf6, 0xfd, 0x04, 0x09, 0x0c, 0x0e,
  0x0e, 0x0c, 0x0a, 0x06, 0x03, 0xff, 0xfc, 0xf9, 0xf7, 0xf7, 0xf7, 0xf8,
  0xfa, 0xfd, 0x00, 0x03, 0x05, 0x07, 0x09, 0x0a, 0x0b, 0x0b, 0x0b, 0x0a,
  0x09, 0x08, 0x07, 0x06, 0x04, 0x02, 0x00, 0xfe, 0xfc, 0xfa, 0xf8, 0xf7,
  0xf7, 0xf7, 0xf7, 0xf8, 0xfa, 0xfc, 0xfe, 0x00, 0x02, 0x03, 0x03, 0x03,
  0x02, 0x02, 0x01, 0x00, 0xff, 0x00, 0x01, 0x03, 0x06, 0x0a, 0x0e, 0x13,
  0x17, 0x1b, 0x1e, 0x1f, 0x1e, 0x1c, 0x18, 0x13, 0x0b, 0x03, 0xfa, 0xf1,
  0xe8, 0xdf, 0xd7, 0xd0, 0xca, 0xc6, 0xc4, 0xc3, 0xc5, 0xc9, 0xce, 0xd5,
  0xde, 0xe8, 0xf2, 0xfd, 0x08, 0x12, 0x1b, 0x24, 0x2b, 0x32, 0x37, 0x3b,
  0x3d, 0x3f, 0x3f, 0x3f, 0x3d, 0x3a, 0x36, 0x30, 0x29, 0x20, 0x16, 0x0b,
  0xfe, 0xf1, 0xe4, 0xd6, 0xca, 0xbf, 0xb6, 0xaf, 0xaa, 0xa8, 0xa8, 0xab,
  0xb1, 0xb9, 0xc3, 0xcf, 0xdc, 0xea, 0xf9, 0x09, 0x18, 0x27, 0x35, 0x41,
  0x4b, 0x53, 0x58, 0x59, 0x57, 0x53, 0x4b, 0x41, 0x35, 0x27, 0x19, 0x0b,
  0xfd, 0xf1, 0xe6, 0xdd, 0xd6, 0xd1, 0xce, 0xcd, 0xcd, 0xce, 0xd1, 0xd4,
  0xd7, 0xdb, 0xe0, 0xe4, 0xe9, 0xee, 0xf3, 0xf9, 0xfe, 0x04, 0x0a, 0x10,
  0x16, 0x1b, 0x20, 0x25, 0x28, 0x2b, 0x2c, 0x2b, 0x29, 0x26, 0x20, 0x19,
  0x11, 0x08, 0xfe, 0xf4, 0xea, 0xe1, 0xd9, 0xd3, 0xce, 0xcc, 0xcb, 0xcc,
  0xcf, 0xd4, 0xda, 0xe2, 0xea, 0xf2, 0xfb, 0x04, 0x0c, 0x13, 0x19, 0x1e,
  0x22, 0x25, 0x26, 0x26, 0x26, 0x23, 0x20, 0x1c, 0x17, 0x12, 0x0d, 0x07,
  0x02, 0xfe, 0xfa, 0xf7, 0xf6, 0xf5, 0xf5, 0xf5, 0xf6, 0xf6, 0xf7, 0xf7,
  0xf6, 0xf5, 0xf4, 0xf3, 0xf2, 0xf2, 0xf2, 0xf3, 0xf6, 0xf8, 0xfc, 0x00,
  0x04, 0x08, 0x0b, 0x0c, 0x0d, 0x0d, 0x0b, 0x08, 0x04, 0x00, 0xfc, 0xf8,
  0xf5, 0xf2, 0xf1, 0xf1, 0xf2, 0xf4, 0xf7, 0xfb, 0x00, 0x05, 0x0a, 0x0f,
  0x13, 0x17, 0x19, 0x1a, 0x1a, 0x18, 0x15, 0x0f, 0x09, 0x01, 0xf8, 0xf0,
  0xe8, 0xe0, 0xda, 0xd5, 0xd2, 0xd0, 0xd1, 0xd3, 0xd6, 0xdb, 0xe2, 0xe9,
  0xf1, 0xfa, 0x02, 0x0b, 0x13, 0x1b, 0x22, 0x29, 0x2e, 0x32, 0x34, 0x35,
  0x34, 0x32, 0x2f, 0x2b, 0x26, 0x21, 0x1b, 0x15, 0x10, 0x0a, 0x05, 0xff,
  0xf9, 0xf3, 0xed, 0xe7, 0xe0, 0xd9, 0xd2, 0xcc, 0xc6, 0xc2, 0xbf, 0xbf,
  0xc1, 0xc6, 0xcd, 0xd6, 0xe1, 0xee, 0xfb, 0x0a, 0x17, 0x24, 0x2f, 0x39,
  0x3f, 0x43, 0x44, 0x42, 0x3e, 0x38, 0x2f, 0x26, 0x1b, 0x10, 0x05, 0xfa,
  0xef, 0xe5, 0xdb, 0xd3, 0xcc, 0xc7, 0xc3, 0xc1, 0xc1, 0xc3, 0xc7, 0xcc,
  0xd3, 0xdb, 0xe4, 0xee, 0xf8, 0x02, 0x0d, 0x17, 0x20, 0x29, 0x32, 0x39,
  0x40, 0x45, 0x49, 0x4b, 0x4b, 0x49, 0x45, 0x40, 0x37, 0x2d, 0x22, 0x15,
  0x07, 0xf9, 0xeb, 0xde, 0xd1, 0xc5, 0xbb, 0xb3, 0xae, 0xaa, 0xa9, 0xab,
  0xaf, 0xb6, 0xbf, 0xca, 0xd7, 0xe5, 0xf4, 0x02, 0x0f, 0x1b, 0x24, 0x2c,
  0x30, 0x33, 0x33, 0x31, 0x2e, 0x2a, 0x26, 0x22, 0x1e, 0x1b, 0x18, 0x16,
  0x14, 0x12, 0x10, 0x0e, 0x0b, 0x07, 0x03, 0xff, 0xfa, 0xf5, 0xf0, 0xec,
  0xe7, 0xe4, 0xe1, 0xdf, 0xdf, 0xdf, 0xe0, 0xe2, 0xe4, 0xe8, 0xeb, 0xf0,
  0xf4, 0xf8, 0xfd, 0x01, 0x05, 0x08, 0x0a, 0x0c, 0x0d, 0x0d, 0x0c, 0x0b,
  0x09, 0x07, 0x06, 0x05, 0x04, 0x04, 0x05, 0x06, 0x08, 0x0b, 0x0e, 0x11,
  0x14, 0x17, 0x19, 0x1a, 0x1a, 0x19, 0x17, 0x14, 0x0f, 0x0a, 0x03, 0xfc,
  0xf5, 0xed, 0xe6, 0xdf, 0xd9, 0xd5, 0xd1, 0xd0, 0xd0, 0xd3, 0xd7, 0xdc,
  0xe3, 0xeb, 0xf4, 0xfc, 0x05, 0x0c, 0x12, 0x18, 0x1b, 0x1e, 0x1f, 0x20,
  0x21, 0x21, 0x20, 0x20, 0x20, 0x1f, 0x1f, 0x1d, 0x1b, 0x17, 0x12, 0x0c,
  0x05, 0xfc, 0xf3, 0xe9, 0xe0, 0xd7, 0xd0, 0xca, 0xc6, 0xc4, 0xc4, 0xc7,
  0xcc, 0xd2, 0xda, 0xe4, 0xee, 0xf9, 0x05, 0x10, 0x1b, 0x25, 0x2e, 0x36,
  0x3c, 0x40, 0x42, 0x41, 0x3e, 0x39, 0x31, 0x28, 0x1d, 0x12, 0x06, 0xfa,
  0xf0, 0xe6, 0xdd, 0xd6, 0xd1, 0xcd, 0xcb, 0xcb, 0xcc, 0xce, 0xd2, 0xd7,
  0xdd, 0xe3, 0xea, 0xf1, 0xf8, 0xff, 0x05, 0x0b, 0x11, 0x16, 0x1b, 0x20,
  0x23, 0x27, 0x2a, 0x2c, 0x2e, 0x2f, 0x2f, 0x2e, 0x2b, 0x27, 0x21, 0x19,
  0x10, 0x05, 0xf9, 0xed, 0xe1, 0xd6, 0xcc, 0xc4, 0xbf, 0xbc, 0xbd, 0xc0,
  0xc5, 0xcd, 0xd6, 0xe0, 0xeb, 0xf5, 0xff, 0x08, 0x0f, 0x16, 0x1b, 0x1e,
  0x21, 0x22, 0x22, 0x22, 0x21, 0x1f, 0x1c, 0x19, 0x15, 0x11, 0x0d, 0x08,
  0x04, 0xff, 0xfb, 0xf8, 0xf5, 0xf4, 0xf3, 0xf3, 0xf3, 0xf4, 0xf6, 0xf8,
  0xf9, 0xfb, 0xfc, 0xfd, 0xfe, 0xff, 0x01, 0x03, 0x05, 0x08, 0x0a, 0x0d,
  0x10, 0x12, 0x14, 0x15, 0x14, 0x13, 0x11, 0x0d, 0x09, 0x03, 0xfd, 0xf7,
  0xf1, 0xeb, 0xe5, 0xe1, 0xdd, 0xda, 0xd9, 0xda, 0xdc, 0xdf, 0xe4, 0xea,
  0xf1, 0xf8, 0xff, 0x06, 0x0b, 0x10, 0x12, 0x14, 0x13, 0x11, 0x0d, 0x09,
  0x05, 0x01, 0xfe, 0xfc, 0xfb, 0xfb, 0xfd, 0xff, 0x03, 0x06, 0x09, 0x0d,
  0x0f, 0x11, 0x12, 0x12, 0x12, 0x11, 0x10, 0x0f, 0x0e, 0x0c, 0x0b, 0x09,
  0x08, 0x06, 0x04, 0x02, 0x00, 0xfd, 0xfa, 0xf7, 0xf4, 0xf1, 0xef, 0xed,
  0xeb, 0xea, 0xe9, 0xe9, 0xe8, 0xe8, 0xe8, 0xe8, 0xe8, 0xe8, 0xe8, 0xe9,
  0xec, 0xef, 0xf3, 0xf9, 0xff, 0x07, 0x0f, 0x17, 0x1f, 0x27, 0x2e, 0x33,
  0x36, 0x37, 0x36, 0x33, 0x2e, 0x27, 0x1e, 0x14, 0x09, 0xff, 0xf4, 0xea,
  0xe0, 0xd8, 0xd1, 0xcc, 0xc9, 0xc8, 0xc8, 0xca, 0xcd, 0xd2, 0xd7, 0xde,
  0xe5, 0xeb, 0xf2, 0xf9, 0xff, 0x05, 0x0a, 0x0f, 0x14, 0x19, 0x1e, 0x24,
  0x29, 0x2e, 0x32, 0x35, 0x36, 0x37, 0x35, 0x31, 0x2b, 0x24, 0x1b, 0x11,
  0x06, 0xfc, 0xf1, 0xe8, 0xe0, 0xd9, 0xd3, 0xcf, 0xcc, 0xcb, 0xcb, 0xcd,
  0xd0, 0xd4, 0xda, 0xe1, 0xe9, 0xf1, 0xfa, 0x03, 0x0c, 0x14, 0x1c, 0x22,
  0x26, 0x28, 0x29, 0x27, 0x24, 0x20, 0x1a, 0x15, 0x0f, 0x09, 0x04, 0xff,
  0xfc, 0xf9, 0xf6, 0xf5, 0xf3, 0xf2, 0xf1, 0xf0, 0xef, 0xee, 0xed, 0xec,
  0xec, 0xec, 0xec, 0xec, 0xed, 0xef, 0xf2, 0xf5, 0xf9, 0xfd, 0x02, 0x07,
  0x0c, 0x11, 0x16, 0x1a, 0x1d, 0x1f, 0x1f, 0x1e, 0x1c, 0x18, 0x13, 0x0d,
  0x07, 0x01, 0xfb, 0xf6, 0xf1, 0xee, 0xed, 0xec, 0xed, 0xef, 0xf1, 0xf4,
  0xf7, 0xfa, 0xfc, 0xfe, 0xff, 0x00, 0x00, 0xff, 0xfe, 0xfd, 0xfc, 0xfb,
  0xfa, 0xfa, 0xf9, 0xf9, 0xf9, 0xf9, 0xf9, 0xf9, 0xfa, 0xfa, 0xfc, 0xfd,
  0x00, 0x02, 0x05, 0x09, 0x0c, 0x0f, 0x12, 0x14, 0x15, 0x15, 0x14, 0x12,
  0x10, 0x0d, 0x0a, 0x07, 0x05, 0x03, 0x02, 0x01, 0x01, 0x01, 0x01, 0x00,
  0xff, 0xfe, 0xfb, 0xf8, 0xf4, 0xf0, 0xec, 0xe7, 0xe3, 0xe0, 0xde, 0xdc,
  0xdc, 0xdd, 0xe0, 0xe3, 0xe8, 0xee, 0xf5, 0xfc, 0x04, 0x0c, 0x13, 0x1a,
  0x1f, 0x24, 0x26, 0x27, 0x27, 0x25, 0x21, 0x1c, 0x17, 0x11, 0x0b, 0x06,
  0x01, 0xfd, 0xfa, 0xf8, 0xf6, 0xf5, 0xf4, 0xf4, 0xf3, 0xf3, 0xf3, 0xf3,
  0xf3, 0xf3, 0xf4, 0xf4, 0xf6, 0xf8, 0xfa, 0xfc, 0xff, 0x01, 0x03, 0x05,
  0x07, 0x08, 0x09, 0x09, 0x09, 0x09, 0x08, 0x08, 0x07, 0x06, 0x04, 0x03,
  0x01, 0xfe, 0xfb, 0xf8, 0xf4, 0xf0, 0xec, 0xe9, 0xe6, 0xe5, 0xe4, 0xe5,
  0xe8, 0xec, 0xf2, 0xf8, 0xff, 0x06, 0x0d, 0x14, 0x19, 0x1d, 0x20, 0x21,
  0x20, 0x1f, 0x1c, 0x19, 0x14, 0x10, 0x0b, 0x07, 0x02, 0xfe, 0xfa, 0xf7,
  0xf4, 0xf2, 0xf0, 0xee, 0xed, 0xec, 0xec, 0xec, 0xec, 0xec, 0xed, 0xee,
  0xee, 0xef, 0xf1, 0xf3, 0xf5, 0xf8, 0xfb, 0xff, 0x04, 0x09, 0x0e, 0x13,
  0x17, 0x1b, 0x1e, 0x20, 0x21, 0x20, 0x1e, 0x1b, 0x17, 0x12, 0x0d, 0x08,
  0x03, 0xfd, 0xf8, 0xf3, 0xef, 0xeb, 0xe8, 0xe5, 0xe3, 0xe2, 0xe2, 0xe3,
  0xe5, 0xe8, 0xec, 0xf0, 0xf4, 0xf9, 0xfe, 0x02, 0x05, 0x08, 0x09, 0x0a,
  0x0a, 0x09, 0x07, 0x05, 0x03, 0x02, 0x01, 0x01, 0x01, 0x02, 0x03, 0x05,
  0x06, 0x08, 0x09, 0x09, 0x09, 0x08, 0x07, 0x06, 0x04, 0x02, 0x01, 0xff,
  0xfe, 0xfd, 0xfd, 0xfd, 0xfd, 0xfe, 0xff, 0x00, 0x01, 0x02, 0x03, 0x03,
  0x04, 0x04, 0x04, 0x03, 0x02, 0x01, 0xff, 0xfd, 0xfb, 0xf9, 0xf7, 0xf5,
  0xf4, 0xf4, 0xf4, 0xf5, 0xf6, 0xf9, 0xfb, 0xfe, 0x01, 0x04, 0x06, 0x08,
  0x09, 0x0a, 0x0a, 0x09, 0x08, 0x06, 0x04, 0x02, 0x00, 0xfd, 0xfb, 0xf9,
  0xf7, 0xf5, 0xf3, 0xf2, 0xf1, 0xf1, 0xf1, 0xf1, 0xf3, 0xf5, 0xf7, 0xfa,
  0xfd, 0x00, 0x03, 0x06, 0x08, 0x0a, 0x0c, 0x0c, 0x0d, 0x0d, 0x0d, 0x0d,
  0x0e, 0x0e, 0x0f, 0x10, 0x11, 0x12, 0x13, 0x12, 0x11, 0x0f, 0x0c, 0x08,
  0x04, 0xfe, 0xf9, 0xf3, 0xed, 0xe8, 0xe3, 0xdf, 0xdd, 0xdb, 0xdb, 0xdc,
  0xde, 0xe1, 0xe5, 0xea, 0xf0, 0xf6, 0xfc, 0x02, 0x08, 0x0e, 0x13, 0x17,
  0x1a, 0x1d, 0x1e, 0x1f, 0x1e, 0x1d, 0x1b, 0x18, 0x15, 0x12, 0x0e, 0x0b,
  0x08, 0x05, 0x02, 0xff, 0xfc, 0xf9, 0xf6, 0xf3, 0xf1, 0xee, 0xec, 0xeb,
  0xea, 0xe9, 0xe9, 0xea, 0xeb, 0xec, 0xee, 0xf1, 0xf3, 0xf6, 0xf9, 0xfc,
  0xfe, 0x01, 0x04, 0x07, 0x09, 0x0c, 0x0e, 0x0f, 0x10, 0x11, 0x11, 0x10,
  0x0e, 0x0c, 0x0a, 0x07, 0x04, 0x02, 0xff, 0xfe, 0xfd, 0xfc, 0xfc, 0xfd,
  0xfe, 0x00, 0x02, 0x03, 0x04, 0x04, 0x04, 0x04, 0x03, 0x01, 0x00, 0xfe,
  0xfd, 0xfb, 0xfa, 0xf9, 0xf8, 0xf7, 0xf7, 0xf7, 0xf7, 0xf8, 0xf8, 0xf9,
  0xf9, 0xfa, 0xfb, 0xfc, 0xfc, 0xfd, 0xfd, 0xfe, 0xfe, 0xff, 0xff, 0xff,
  0xff, 0x00, 0x01, 0x01, 0x03, 0x04, 0x05, 0x07, 0x09, 0x0a, 0x0b, 0x0c,
  0x0c, 0x0c, 0x0b, 0x0a, 0x08, 0x06, 0x03, 0x00, 0xfd, 0xfb, 0xf8, 0xf6,
  0xf4, 0xf2, 0xf1, 0xf0, 0xf0, 0xf1, 0xf2, 0xf3, 0xf6, 0xf8, 0xfb, 0xfe,
  0x02, 0x05, 0x08, 0x0a, 0x0c, 0x0d, 0x0e, 0x0d, 0x0c, 0x0b, 0x09, 0x07,
  0x04, 0x02, 0xff, 0xfd, 0xfc, 0xfb, 0xfa, 0xfa, 0xfa, 0xfa, 0xfa, 0xfa,
  0xfa, 0xfa, 0xfa, 0xf9, 0xf9, 0xf9, 0xfa, 0xfb, 0xfc, 0xfd, 0xff, 0x00,
  0x02, 0x04, 0x06, 0x08, 0x09, 0x0a, 0x0b, 0x0b, 0x0b, 0x0b, 0x0a, 0x09,
  0x07, 0x06, 0x04, 0x01, 0xff, 0xfc, 0xfa, 0xf8, 0xf5, 0xf3, 0xf2, 0xf1,
  0xf0, 0xf0, 0xf1, 0xf2, 0xf4, 0xf6, 0xf8, 0xfa, 0xfc, 0xfe, 0xff, 0x01,
  0x02, 0x03, 0x04, 0x05, 0x06, 0x07, 0x07, 0x08, 0x08, 0x08, 0x09, 0x08,
  0x08, 0x08, 0x07, 0x06, 0x06, 0x05, 0x04, 0x03, 0x02, 0x00, 0xff, 0xfe,
  0xfd, 0xfc, 0xfb, 0xfa, 0xfa, 0xf9, 0xf9, 0xf9, 0xfa, 0xfb, 0xfc, 0xfe,
  0xff, 0x01, 0x03, 0x04, 0x05, 0x06, 0x06, 0x06, 0x05, 0x04, 0x02, 0x00,
  0xfe, 0xfc, 0xfb, 0xf9, 0xf7, 0xf6, 0xf5, 0xf4, 0xf4, 0xf4, 0xf5, 0xf6,
  0xf7, 0xf9, 0xfb, 0xfd, 0xff, 0x01, 0x03, 0x05, 0x07, 0x08, 0x09, 0x0a,
  0x0a, 0x0a, 0x09, 0x09, 0x08, 0x07, 0x06, 0x05, 0x04, 0x03, 0x02, 0x02,
  0x01, 0x00, 0xff, 0xff, 0xfe, 0xfc, 0xfb, 0xfa, 0xf9, 0xf8, 0xf8, 0xf8,
  0xf8, 0xf8, 0xf8, 0xf9, 0xfa, 0xfb, 0xfd, 0xfe, 0xff, 0x00, 0x01, 0x01,
  0x02, 0x03, 0x03, 0x04, 0x04, 0x04, 0x04, 0x04, 0x04, 0x04, 0x03, 0x03,
  0x02, 0x02, 0x01, 0x01, 0x00, 0x00, 0x00, 0x00, 0x01, 0x01, 0x01, 0x01,
  0x01, 0x01, 0x01, 0x00, 0x00, 0xff, 0xff, 0xfe, 0xfd, 0xfd, 0xfc, 0xfb,
  0xfb, 0xfa, 0xfa, 0xfa, 0xfa, 0xfa, 0xfa, 0xfa, 0xfa, 0xfa, 0xfa, 0xfa,
  0xfb, 0xfb, 0xfb, 0xfc, 0xfc, 0xfd, 0xfd, 0xfe, 0xff, 0x00, 0x01, 0x03,
  0x04, 0x06, 0x08, 0x0a, 0x0c, 0x0d, 0x0f, 0x0f, 0x10, 0x0f, 0x0e, 0x0d,
  0x0b, 0x09, 0x06, 0x03, 0x01, 0xfe, 0xfb, 0xf9, 0xf7, 0xf5, 0xf4, 0xf3,
  0xf2, 0xf1, 0xf1, 0xf2, 0xf2, 0xf3, 0xf4, 0xf5, 0xf7, 0xf8, 0xfa, 0xfc,
  0xff, 0x01, 0x03, 0x05, 0x06, 0x07, 0x08, 0x09, 0x09, 0x09, 0x09, 0x08,
  0x07, 0x06, 0x05, 0x04, 0x03, 0x02, 0x00, 0xff, 0xfe, 0xfc, 0xfb, 0xfa,
  0xf9, 0xf8, 0xf7, 0xf7, 0xf7, 0xf7, 0xf8, 0xf9, 0xfa, 0xfb, 0xfd, 0xfe,
  0x00, 0x01, 0x03, 0x04, 0x05, 0x06, 0x07, 0x08, 0x08, 0x09, 0x08, 0x08,
  0x08, 0x07, 0x06, 0x04, 0x03, 0x02, 0x01, 0xff, 0xfe, 0xfd, 0xfc, 0xfb,
  0xfb, 0xfa, 0xf9, 0xf9, 0xf8, 0xf8, 0xf7, 0xf7, 0xf7, 0xf7, 0xf8, 0xf9,
  0xfa, 0xfb, 0xfd, 0xfe, 0x00, 0x02, 0x03, 0x05, 0x06, 0x07, 0x07, 0x07,
  0x07, 0x07, 0x07, 0x06, 0x05, 0x04, 0x04, 0x03, 0x02, 0x01, 0x00, 0xff,
  0xfe, 0xfe, 0xfd, 0xfc, 0xfc, 0xfc, 0xfc, 0xfc, 0xfc, 0xfc, 0xfc, 0xfd,
  0xfd, 0xfd, 0xfd, 0xfe, 0xfe, 0xfe, 0xfe, 0xfe, 0xfe, 0xfd, 0xfd, 0xfd,
  0xfd, 0xfd, 0xfd, 0xfe, 0xfe, 0xff, 0xff, 0x00, 0x01, 0x02, 0x03, 0x04,
  0x05, 0x06, 0x06, 0x07, 0x07, 0x07, 0x07, 0x06, 0x06, 0x05, 0x05, 0x04,
  0x03, 0x02, 0x01, 0x00, 0xff, 0xff, 0xfe, 0xfd, 0xfc, 0xfb, 0xfa, 0xf9,
  0xf8, 0xf7, 0xf6, 0xf5, 0xf4, 0xf4, 0xf5, 0xf5, 0xf6, 0xf8, 0xfa, 0xfc,
  0xfe, 0x00, 0x02, 0x03, 0x04, 0x06, 0x06, 0x07, 0x07, 0x07, 0x07, 0x07,
  0x07, 0x07, 0x07, 0x06, 0x06, 0x06, 0x05, 0x04, 0x03, 0x02, 0x01, 0x00,
  0xff, 0xfe, 0xfd, 0xfc, 0xfb, 0xfa, 0xfa, 0xfa, 0xfa, 0xfa, 0xfa, 0xfb,
  0xfb, 0xfc, 0xfc, 0xfd, 0xfe, 0xff, 0xff, 0x00, 0x01, 0x02, 0x02, 0x03,
  0x03, 0x03, 0x04, 0x03, 0x03, 0x03, 0x02, 0x01, 0x00, 0xff, 0xfe, 0xfd,
  0xfc, 0xfb, 0xfa, 0xfa, 0xfa, 0xfa, 0xfa, 0xfb, 0xfc, 0xfd, 0xfe, 0x00,
  0x01, 0x03, 0x04, 0x05, 0x06, 0x06, 0x06, 0x06, 0x06, 0x05, 0x05, 0x04,
  0x03, 0x02, 0x02, 0x01, 0x01, 0x00, 0x00, 0xff, 0xfe, 0xfd, 0xfc, 0xfb,
  0xfa, 0xf9, 0xf8, 0xf8, 0xf7, 0xf7, 0xf8, 0xf8, 0xf9, 0xfb, 0xfc, 0xfe,
  0xff, 0x00, 0x02, 0x03, 0x03, 0x04, 0x04, 0x04, 0x04, 0x04, 0x04, 0x04,
  0x04, 0x04, 0x04, 0x03, 0x03, 0x03, 0x02, 0x01, 0x00, 0x00, 0xff, 0xfe,
  0xfd, 0xfd, 0xfd, 0xfc, 0xfd, 0xfd, 0xfd, 0xfe, 0xfe, 0xff, 0x00, 0x00,
  0x00, 0x01, 0x01, 0x01, 0x01, 0x01, 0x01, 0x00, 0x00, 0x00, 0xff, 0xff,
  0xff, 0xff, 0xfe, 0xfe, 0xff, 0xff, 0xff, 0xff, 0xff, 0xff, 0xfe, 0xfe,
  0xfe, 0xfd, 0xfd, 0xfc, 0xfc, 0xfc, 0xfc, 0xfd, 0xfe, 0xfe, 0xff, 0x01,
  0x02, 0x03, 0x03, 0x04, 0x04, 0x04, 0x04, 0x03, 0x02, 0x02, 0x01, 0x00,
  0x00, 0xff, 0xff, 0xff, 0xfe, 0xfe, 0xfe, 0xfe, 0xfe, 0xfe, 0xfe, 0xfe,
  0xfe, 0xfe, 0xff, 0xff, 0xff, 0x00, 0x00, 0x01, 0x01, 0x01, 0x02, 0x02,
  0x02, 0x02, 0x01, 0x01, 0x00, 0xff, 0xff, 0xfe, 0xfd, 0xfd, 0xfd, 0xfd,
  0xfd, 0xfd, 0xfd, 0xfe, 0xfe, 0xfe, 0xff, 0xff, 0xff, 0x00, 0x00, 0x01,
  0x01, 0x02, 0x02, 0x03, 0x03, 0x04, 0x04, 0x04, 0x04, 0x04, 0x04, 0x04,
  0x03, 0x03, 0x02, 0x01, 0x00, 0xfe, 0xfd, 0xfb, 0xfa, 0xf8, 0xf7, 0xf6,
  0xf6, 0xf5, 0xf5, 0xf6, 0xf7, 0xf8, 0xf9, 0xfb, 0xfd, 0xfe, 0xff, 0x01,
  0x02, 0x03, 0x03, 0x04, 0x05, 0x05, 0x06, 0x06, 0x07, 0x07, 0x08, 0x08,
  0x08, 0x08, 0x08, 0x07, 0x06, 0x05, 0x04, 0x02, 0x01, 0xff, 0xfe, 0xfd,
  0xfc, 0xfb, 0xfb, 0xfb, 0xfa, 0xfa, 0xfa, 0xfb, 0xfb, 0xfb, 0xfb, 0xfc,
  0xfc, 0xfc, 0xfd, 0xfd, 0xfe, 0xff, 0xff, 0x00, 0x01, 0x01, 0x01, 0x01,
  0x01, 0x01, 0x01, 0x00, 0x00, 0xff, 0xfe, 0xfe, 0xfd, 0xfd, 0xfc, 0xfc,
  0xfc, 0xfd, 0xfd, 0xfe, 0xff, 0xff, 0x00, 0x01, 0x02, 0x03, 0x03, 0x04,
  0x04, 0x04, 0x04, 0x04, 0x03, 0x03, 0x03, 0x02, 0x02, 0x02, 0x01, 0x01,
  0x01, 0x00, 0x00, 0x00, 0xff, 0xfe, 0xfe, 0xfd, 0xfc, 0xfb, 0xfb, 0xfa,
  0xfa, 0xfa, 0xfa, 0xfb, 0xfc, 0xfd, 0xfe, 0x00, 0x01, 0x02, 0x03, 0x03,
  0x04, 0x04, 0x04, 0x04, 0x03, 0x03, 0x02, 0x02, 0x02, 0x01, 0x01, 0x01,
  0x00, 0xff, 0xff, 0xfe, 0xfd, 0xfc, 0xfc, 0xfb, 0xfb, 0xfb, 0xfb, 0xfb,
  0xfc, 0xfd, 0xfe, 0xff, 0xff, 0x00, 0x01, 0x01, 0x01, 0x01, 0x01, 0x01,
  0x01, 0x01, 0x01, 0x00, 0x00, 0x00, 0x00, 0x00, 0x00, 0x00, 0x01, 0x01,
  0x00, 0x00, 0x00, 0x00, 0x00, 0xff, 0xff, 0xfe, 0xfe, 0xfe, 0xfd, 0xfd,
  0xfd, 0xfe, 0xfe, 0xff, 0x00, 0x00, 0x01, 0x02, 0x03, 0x03, 0x04, 0x03,
  0x03, 0x03, 0x02, 0x01, 0x00, 0xff, 0xff, 0xfe, 0xfd, 0xfd, 0xfd, 0xfd,
  0xfd, 0xfe, 0xfe, 0xfe, 0xfe, 0xfe, 0xfe, 0xfe, 0xfe, 0xfe, 0xfe, 0xfe,
  0xfe, 0xff, 0xff, 0xff, 0x00, 0x00, 0x01, 0x01, 0x01, 0x01, 0x01, 0x00,
  0x00, 0x00, 0xff, 0xff, 0xff, 0xff, 0xff, 0xff, 0xff, 0xff, 0xff, 0x00,
  0x00, 0x00, 0x00, 0xff, 0xff, 0xff, 0xff, 0x00, 0x00, 0x00, 0x01, 0x02,
  0x02, 0x03, 0x03, 0x04, 0x04, 0x04, 0x04, 0x04, 0x03, 0x02, 0x01, 0x00,
  0xfe, 0xfd, 0xfc, 0xfb, 0xfa, 0xf9, 0xf8, 0xf8, 0xf8, 0xf8, 0xf8, 0xf9,
  0xfa, 0xfb, 0xfc, 0xfd, 0xff, 0x00, 0x01, 0x02, 0x02, 0x03, 0x04, 0x04,
  0x04, 0x04, 0x05, 0x05, 0x05, 0x05, 0x05, 0x05, 0x05, 0x05, 0x04, 0x04,
  0x03, 0x02, 0x01, 0x00, 0xff, 0xfe, 0xfd, 0xfc, 0xfc, 0xfb, 0xfb, 0xfb,
  0xfb, 0xfb, 0xfb, 0xfb, 0xfc, 0xfc, 0xfc, 0xfc, 0xfd, 0xfd, 0xfe, 0xff,
  0xff, 0x00, 0x01, 0x01, 0x02, 0x02, 0x02, 0x02, 0x02, 0x01, 0x00, 0x00,
  0xff, 0xfe, 0xfe, 0xfd, 0xfd, 0xfd, 0xfd, 0xfd, 0xfe, 0xfe, 0xff, 0xff,
  0x00, 0x00, 0x01, 0x01, 0x01, 0x01, 0x01, 0x01, 0x01, 0x01, 0x01, 0x01,
  0x02, 0x02, 0x02, 0x02, 0x02, 0x03, 0x03, 0x03, 0x03, 0x03, 0x03, 0x02,
  0x02, 0x01, 0x00, 0xff, 0xfe, 0xfd, 0xfc, 0xfb, 0xfb, 0xfa, 0xfa, 0xfb,
  0xfb, 0xfc, 0xfc, 0xfd, 0xfe, 0xff, 0x00, 0x00, 0x00, 0x01, 0x01, 0x01,
  0x01, 0x00, 0x00, 0x00, 0x00, 0x00, 0xff, 0xff, 0xff, 0xff, 0xff, 0xfe,
  0xfe, 0xfe, 0xfe, 0xfe, 0xfe, 0xfe, 0xff, 0xff, 0x00, 0x01, 0x01, 0x01,
  0x02, 0x02, 0x01, 0x01, 0x01, 0x00, 0x00, 0xff, 0xff, 0xfe, 0xfe, 0xfe,
  0xfe, 0xff, 0xff, 0x00, 0x00, 0x01, 0x01, 0x01, 0x01, 0x01, 0x01, 0x01,
  0x01, 0x01, 0x00, 0x00, 0x00, 0x00, 0x00, 0x00, 0x01, 0x01, 0x01, 0x01,
  0x02, 0x02, 0x02, 0x02, 0x01, 0x01, 0x01, 0x00, 0x00, 0xff, 0xfe, 0xfd,
  0xfc, 0xfb, 0xfb, 0xfa, 0xfa, 0xf9, 0xf9, 0xfa, 0xfa, 0xfb, 0xfb, 0xfc,
  0xfd, 0xfe, 0xfe, 0xff, 0x00, 0x00, 0x01, 0x01, 0x02, 0x02, 0x02, 0x03,
  0x03, 0x04, 0x04, 0x04, 0x04, 0x04, 0x03, 0x03, 0x02, 0x02, 0x01, 0x01,
  0x00, 0x00, 0x00, 0x00, 0xff, 0xff, 0xff, 0xfe, 0xfe, 0xfe, 0xfd, 0xfd,
  0xfc, 0xfc, 0xfc, 0xfc, 0xfd, 0xfe, 0xff, 0x00, 0x01, 0x02, 0x03, 0x04,
  0x05, 0x05, 0x05, 0x05, 0x05, 0x04, 0x03, 0x02, 0x01, 0xff, 0xfe, 0xfd,
  0xfc, 0xfb, 0xfa, 0xf9, 0xf9, 0xf9, 0xf9, 0xf9, 0xf9, 0xfa, 0xfa, 0xfb,
  0xfc, 0xfd, 0xfd, 0xfe, 0xff, 0xff, 0x00, 0x01, 0x01, 0x02, 0x02, 0x03,
  0x03, 0x04, 0x04, 0x05, 0x05, 0x05, 0x05, 0x06, 0x05, 0x05, 0x05, 0x04,
  0x03, 0x03, 0x02, 0x01, 0x00, 0xff, 0xfe, 0xfd, 0xfd, 0xfc, 0xfb, 0xfb,
  0xfa, 0xfa, 0xfa, 0xfa, 0xfb, 0xfb, 0xfc, 0xfc, 0xfd, 0xfe, 0xff, 0x00,
  0x00, 0x01, 0x01, 0x01, 0x01, 0x01, 0x01, 0x01, 0x00, 0x00, 0x00, 0x00,
  0x00, 0x00, 0x01, 0x01, 0x01, 0x01, 0x02, 0x01, 0x01, 0x01, 0x01, 0x00,
  0xff, 0xff, 0xfe, 0xfe, 0xfd, 0xfd, 0xfd, 0xfd, 0xfd, 0xfd, 0xfe, 0xfe,
  0xfe, 0xff, 0xff, 0x00, 0x00, 0x01, 0x01, 0x01, 0x01, 0x02, 0x02, 0x01,
  0x01, 0x01, 0x00, 0x00, 0x00, 0xff, 0xff, 0xff, 0xff, 0x00, 0x00, 0x00,
  0x00, 0x01, 0x01, 0x01, 0x01, 0x01, 0x00, 0x00, 0x00, 0xff, 0xfe, 0xfe,
  0xfd, 0xfc, 0xfc, 0xfc, 0xfb, 0xfb, 0xfb, 0xfb, 0xfb, 0xfc, 0xfc, 0xfd,
  0xfe, 0xff, 0x00, 0x01, 0x02, 0x03, 0x04, 0x05, 0x05, 0x05, 0x05, 0x05,
  0x04, 0x04, 0x03, 0x02, 0x01, 0x00, 0x00, 0xff, 0xff, 0xfe, 0xfe, 0xfe,
  0xfe, 0xfd, 0xfd, 0xfd, 0xfd, 0xfc, 0xfc, 0xfc, 0xfc, 0xfc, 0xfc, 0xfc,
  0xfd, 0xfd, 0xfe, 0xfe, 0xff, 0x00, 0x01, 0x01, 0x02, 0x03, 0x04, 0x04,
  0x05, 0x05, 0x05, 0x05, 0x05, 0x04, 0x03, 0x02, 0x01, 0x00, 0xff, 0xfd,
  0xfc, 0xfb, 0xfa, 0xf9, 0xf9, 0xf9, 0xf9, 0xf9, 0xf9, 0xfa, 0xfa, 0xfb,
  0xfc, 0xfd, 0xfe, 0xfe, 0xff, 0x00, 0x01, 0x02, 0x02, 0x03, 0x04, 0x05,
  0x05, 0x06, 0x06, 0x06, 0x07, 0x07, 0x07, 0x06, 0x06, 0x06, 0x05, 0x04,
  0x03, 0x02, 0x01, 0x00, 0xfe, 0xfd, 0xfc, 0xfa, 0xf9, 0xf8, 0xf7, 0xf7,
  0xf7, 0xf7, 0xf8, 0xf9, 0xfa, 0xfb, 0xfc, 0xfd, 0xff, 0x00, 0x00, 0x01,
  0x02, 0x02, 0x03, 0x03, 0x03, 0x02, 0x02, 0x02, 0x02, 0x01, 0x01, 0x01,
  0x00, 0x00, 0x00, 0xff, 0xff, 0xff, 0xff, 0xff, 0xff, 0xff, 0xff, 0xff,
  0xff, 0xfe, 0xfe, 0xfe, 0xfe, 0xfd, 0xfd, 0xfd, 0xfd, 0xfe, 0xfe, 0xff,
  0xff, 0x00, 0x01, 0x02, 0x03, 0x03, 0x04, 0x04, 0x04, 0x05, 0x05, 0x04,
  0x04, 0x04, 0x03, 0x02, 0x02, 0x01, 0x01, 0x00, 0x00, 0xff, 0xff, 0xfe,
  0xfe, 0xfd, 0xfd, 0xfd, 0xfd, 0xfc, 0xfc, 0xfc, 0xfc, 0xfc, 0xfb, 0xfb,
  0xfb, 0xfb, 0xfa, 0xfa, 0xfa, 0xfb, 0xfb, 0xfc, 0xfc, 0xfd, 0xfe, 0xff,
  0x00, 0x01, 0x02, 0x03, 0x04, 0x04, 0x05, 0x05, 0x05, 0x05, 0x05, 0x04,
  0x04, 0x04, 0x03, 0x02, 0x02, 0x01, 0x01, 0x00, 0xff, 0xff, 0xfe, 0xfe,
  0xfd, 0xfd, 0xfd, 0xfd, 0xfd, 0xfd, 0xfd, 0xfd, 0xfd, 0xfd, 0xfd, 0xfd,
  0xfd, 0xfd, 0xfe, 0xfe, 0xff, 0x00, 0x01, 0x02, 0x03, 0x04, 0x05, 0x06,
  0x06, 0x06, 0x06, 0x06, 0x05, 0x04, 0x03, 0x02, 0x01, 0xff, 0xfe, 0xfc,
  0xfb, 0xfa, 0xf9, 0xf8, 0xf8, 0xf8, 0xf7, 0xf8, 0xf8, 0xf8, 0xf9, 0xfa,
  0xfb, 0xfc, 0xfd, 0xfe, 0xff, 0x00, 0x01, 0x02, 0x03, 0x04, 0x04, 0x05,
  0x05, 0x05, 0x06, 0x06, 0x06, 0x06, 0x06, 0x05, 0x05, 0x04, 0x03, 0x02,
  0x01, 0x00, 0xff, 0xfe, 0xfd, 0xfc, 0xfb, 0xfb, 0xfa, 0xf9, 0xf9, 0xf9,
  0xf9, 0xfa, 0xfa, 0xfb, 0xfc, 0xfd, 0xfe, 0xff, 0x00, 0x02, 0x03, 0x04,
  0x05, 0x05, 0x06, 0x06, 0x06, 0x05, 0x05, 0x04, 0x03, 0x02, 0x01, 0x00,
  0x00, 0xff, 0xff, 0xfe, 0xfe, 0xfe, 0xfd, 0xfd, 0xfc, 0xfc, 0xfb, 0xfb,
  0xfa, 0xfa, 0xfa, 0xfa, 0xfa, 0xfa, 0xfb, 0xfb, 0xfc, 0xfd, 0xff, 0x00,
  0x01, 0x02, 0x03, 0x04, 0x05, 0x05, 0x06, 0x06, 0x06, 0x06, 0x06, 0x06,
  0x05, 0x04, 0x04, 0x03, 0x02, 0x01, 0x00, 0xff, 0xfe, 0xfd, 0xfd, 0xfc,
  0xfc, 0xfc, 0xfc, 0xfb, 0xfb, 0xfb, 0xfb, 0xfb, 0xfb, 0xfc, 0xfc, 0xfc,
  0xfc, 0xfd, 0xfd, 0xfd, 0xfe, 0xfe, 0xff, 0xff, 0xff, 0x00, 0x00, 0x01,
  0x02, 0x02, 0x03, 0x04, 0x05, 0x05, 0x06, 0x06, 0x06, 0x06, 0x05, 0x04,
  0x03, 0x02, 0x01, 0x00, 0xff, 0xfe, 0xfd, 0xfd, 0xfc, 0xfc, 0xfc, 0xfc,
  0xfc, 0xfc, 0xfb, 0xfb, 0xfb, 0xfb, 0xfb, 0xfb, 0xfb, 0xfc, 0xfc, 0xfd,
  0xfe, 0xff, 0x00, 0x01, 0x02, 0x03, 0x03, 0x04, 0x05, 0x05, 0x05, 0x05,
  0x05, 0x05, 0x05, 0x04, 0x04, 0x03, 0x02, 0x01, 0x00, 0xff, 0xfd, 0xfc,
  0xfb, 0xfa, 0xf9, 0xf9, 0xf8, 0xf8, 0xf8, 0xf8, 0xf9, 0xfa, 0xfa, 0xfb,
  0xfc, 0xfd, 0xfe, 0x00, 0x01, 0x02, 0x03, 0x04, 0x05, 0x06, 0x06, 0x07,
  0x07, 0x07, 0x07, 0x07, 0x07, 0x06, 0x06, 0x05, 0x04, 0x04, 0x03, 0x02,
  0x01, 0x00, 0xfe, 0xfd, 0xfc, 0xfa, 0xf9, 0xf8, 0xf6, 0xf6, 0xf5, 0xf5,
  0xf5, 0xf6, 0xf7, 0xf8, 0xfa, 0xfb, 0xfd, 0xff, 0x01, 0x02, 0x03, 0x04,
  0x05, 0x06, 0x06, 0x06, 0x06, 0x06, 0x06, 0x05, 0x05, 0x05, 0x04, 0x03,
  0x02, 0x01, 0x00, 0xff, 0xfe, 0xfd, 0xfc, 0xfb, 0xfb, 0xfa, 0xfa, 0xfa,
  0xfa, 0xfa, 0xfa, 0xfb, 0xfb, 0xfc, 0xfd, 0xfe, 0xfe, 0xff, 0x00, 0x01,
  0x02, 0x03, 0x04, 0x04, 0x05, 0x05, 0x05, 0x06, 0x05, 0x05, 0x05, 0x05,
  0x04, 0x03, 0x03, 0x02, 0x01, 0x00, 0xff, 0xfe, 0xfe, 0xfd, 0xfc, 0xfb,
  0xfb, 0xfa, 0xfa, 0xfa, 0xfa, 0xfb, 0xfb, 0xfc, 0xfc, 0xfc, 0xfd, 0xfd,
  0xfd, 0xfd, 0xfd, 0xfd, 0xfe, 0xfe, 0xfe, 0xff, 0x00, 0x01, 0x02, 0x02,
  0x03, 0x04, 0x04, 0x05, 0x05, 0x04, 0x04, 0x03, 0x02, 0x01, 0x01, 0x00,
  0xff, 0xff, 0xff, 0xff, 0xff, 0xff, 0xff, 0xff, 0xfe, 0xfe, 0xfe, 0xfe,
  0xfe, 0xfe, 0xfe, 0xfe, 0xfe, 0xfe, 0xfe, 0xff, 0xff, 0x00, 0x00, 0x00,
  0x01, 0x01, 0x01, 0x01, 0x01, 0x02, 0x02, 0x02, 0x02, 0x02, 0x02, 0x02,
  0x02, 0x02, 0x02, 0x02, 0x01, 0x01, 0x00, 0xff, 0xfe, 0xfe, 0xfd, 0xfc,
  0xfb, 0xfa, 0xf9, 0xf9, 0xf8, 0xf8, 0xf8, 0xf8, 0xf9, 0xfa, 0xfb, 0xfc,
  0xfd, 0xff, 0x00, 0x01, 0x03, 0x04, 0x05, 0x05, 0x06, 0x06, 0x06, 0x06,
  0x07, 0x07, 0x07, 0x07, 0x07, 0x06, 0x06, 0x05, 0x05, 0x03, 0x02, 0x00,
  0xff, 0xfd, 0xfb, 0xf9, 0xf8, 0xf7, 0xf6, 0xf6, 0xf6, 0xf6, 0xf7, 0xf8,
  0xf9, 0xfa, 0xfc, 0xfd, 0xfe, 0xff, 0x00, 0x01, 0x02, 0x03, 0x04, 0x05,
  0x05, 0x06, 0x06, 0x07, 0x07, 0x06, 0x06, 0x05, 0x04, 0x03, 0x02, 0x01,
  0x00, 0xff, 0xfe, 0xfd, 0xfc, 0xfb, 0xfa, 0xfa, 0xfa, 0xf9, 0xf9, 0xf9,
  0xf9, 0xf9, 0xfa, 0xfa, 0xfb, 0xfc, 0xfd, 0xfe, 0xff, 0x00, 0x01, 0x02,
  0x03, 0x05, 0x06, 0x07, 0x07, 0x08, 0x08, 0x08, 0x08, 0x08, 0x07, 0x06,
  0x05, 0x03, 0x02, 0x00, 0xfe, 0xfc, 0xfb, 0xfa, 0xf9, 0xf8, 0xf8, 0xf8,
  0xf8, 0xf9, 0xf9, 0xfa, 0xfa, 0xfb, 0xfb, 0xfc, 0xfc, 0xfc, 0xfd, 0xfd,
  0xfe, 0xff, 0x00, 0x01, 0x02, 0x03, 0x04, 0x05, 0x05, 0x05, 0x05, 0x05,
  0x05, 0x04, 0x03, 0x03, 0x02, 0x02, 0x01, 0x01, 0x01, 0x00, 0x00, 0x00,
  0xff, 0xff, 0xfe, 0xfe, 0xfd, 0xfd, 0xfd, 0xfc, 0xfc, 0xfc, 0xfc, 0xfc,
  0xfd, 0xfd, 0xfd, 0xfd, 0xfe, 0xfe, 0xfe, 0xfe, 0xff, 0xff, 0xff, 0x00,
  0x00, 0x01, 0x01, 0x02, 0x02, 0x02, 0x03, 0x03, 0x03, 0x03, 0x03, 0x03,
  0x03, 0x03, 0x03, 0x02, 0x02, 0x01, 0x00, 0xff, 0xfe, 0xfc, 0xfb, 0xfa,
  0xfa, 0xf9, 0xf9, 0xf9, 0xf9, 0xfa, 0xfb, 0xfc, 0xfd, 0xfe, 0xff, 0xff,
  0x00, 0x00, 0x01, 0x01, 0x01, 0x02, 0x02, 0x02, 0x03, 0x04, 0x04, 0x05,
  0x06, 0x06, 0x06, 0x06, 0x06, 0x06, 0x05, 0x04, 0x03, 0x02, 0x00, 0xff,
  0xfe, 0xfd, 0xfc, 0xfc, 0xfb, 0xfa, 0xfa, 0xf9, 0xf9, 0xf8, 0xf8, 0xf8,
  0xf8, 0xf9, 0xf9, 0xfa, 0xfc, 0xfd, 0xfe, 0x00, 0x01, 0x03, 0x04, 0x05,
  0x06, 0x06, 0x07, 0x06, 0x06, 0x06, 0x05, 0x04, 0x03, 0x02, 0x01, 0x00,
  0xff, 0xfe, 0xfd, 0xfc, 0xfb, 0xfb, 0xfa, 0xfa, 0xfa, 0xfa, 0xfa, 0xfb,
  0xfb, 0xfb, 0xfc, 0xfd, 0xfd, 0xfe, 0xff, 0x00, 0x01, 0x03, 0x04, 0x05,
  0x06, 0x08, 0x08, 0x09, 0x09, 0x09, 0x08, 0x07, 0x06, 0x04, 0x03, 0x01,
  0xff, 0xfe, 0xfd, 0xfc, 0xfb, 0xfa, 0xfa, 0xfa, 0xfa, 0xfa, 0xf9, 0xf9,
  0xf9, 0xf9, 0xf9, 0xfa, 0xfa, 0xfa, 0xfb, 0xfc, 0xfd, 0xfe, 0xff, 0x00,
  0x01, 0x02, 0x03, 0x03, 0x03, 0x03, 0x04, 0x04, 0x03, 0x03, 0x03, 0x03,
  0x03, 0x03, 0x03, 0x03, 0x03, 0x02, 0x01, 0x01, 0x00, 0xff, 0xfe, 0xfd,
  0xfc, 0xfc, 0xfb, 0xfb, 0xfb, 0xfb, 0xfc, 0xfc, 0xfd, 0xfe, 0xfe, 0xff,
  0x00, 0x01, 0x02, 0x02, 0x03, 0x03, 0x03, 0x03, 0x02, 0x02, 0x01, 0x01,
  0x00, 0x00, 0xff, 0xff, 0xff, 0xff, 0xff, 0xff, 0x00, 0x00, 0x00, 0x00,
  0x00, 0x00, 0x00, 0xff, 0xff, 0xfe, 0xfd, 0xfd, 0xfd, 0xfc, 0xfc, 0xfc,
  0xfd, 0xfd, 0xfd, 0xfd, 0xfd, 0xfd, 0xfd, 0xfd, 0xfe, 0xfe, 0xfe, 0xff,
  0xff, 0x00, 0x01, 0x02, 0x03, 0x04, 0x05, 0x05, 0x06, 0x06, 0x06, 0x05,
  0x05, 0x04, 0x03, 0x03, 0x02, 0x01, 0x01, 0x00, 0x00, 0xff, 0xfe, 0xfd,
  0xfc, 0xfb, 0xfa, 0xf9, 0xf8, 0xf8, 0xf7, 0xf7, 0xf7, 0xf7, 0xf8, 0xf9,
  0xfa, 0xfb, 0xfd, 0xff, 0x00, 0x02, 0x04, 0x05, 0x06, 0x07, 0x08, 0x09,
  0x09, 0x09, 0x08, 0x08, 0x07, 0x06, 0x05, 0x03, 0x02, 0x01, 0x00, 0xff,
  0xfe, 0xfd, 0xfc, 0xfc, 0xfb, 0xfb, 0xfa, 0xf9, 0xf9, 0xf8, 0xf8, 0xf8,
  0xf8, 0xf8, 0xf8, 0xf9, 0xfa, 0xfc, 0xfd, 0xff, 0x00, 0x02, 0x04, 0x05,
  0x06, 0x07, 0x07, 0x08, 0x08, 0x08, 0x08, 0x07, 0x07, 0x06, 0x05, 0x04,
  0x03, 0x02, 0x00, 0xff, 0xfd, 0xfb, 0xfa, 0xf8, 0xf7, 0xf6, 0xf6, 0xf6,
  0xf6, 0xf7, 0xf8, 0xfa, 0xfb, 0xfc, 0xfe, 0xff, 0x00, 0x01, 0x02, 0x02,
  0x03, 0x03, 0x04, 0x04, 0x04, 0x04, 0x04, 0x04, 0x03, 0x03, 0x03, 0x02,
  0x02, 0x02, 0x01, 0x01, 0x00, 0x00, 0xff, 0xff, 0xfe, 0xfe, 0xfd, 0xfd,
  0xfd, 0xfc, 0xfc, 0xfd, 0xfd, 0xfd, 0xfe, 0xff, 0xff, 0x00, 0x01, 0x02,
  0x02, 0x02, 0x02, 0x02, 0x02, 0x01, 0x01, 0x00, 0xff, 0xff, 0xff, 0xff,
  0xff, 0xff, 0xff, 0xff, 0xff, 0x00, 0x00, 0xff, 0xff, 0xff, 0xff, 0xfe,
  0xfe, 0xfe, 0xfe, 0xfe, 0xff, 0xff, 0xff, 0xff, 0xff, 0xff, 0xfe, 0xfe,
  0xfd, 0xfd, 0xfd, 0xfc, 0xfc, 0xfd, 0xfd, 0xfe, 0xfe, 0xff, 0x00, 0x01,
  0x02, 0x03, 0x03, 0x03, 0x03, 0x03, 0x03, 0x03, 0x02, 0x02, 0x02, 0x02,
  0x02, 0x02, 0x02, 0x02, 0x02, 0x02, 0x02, 0x02, 0x02, 0x01, 0x01, 0x00,
  0xff, 0xfe, 0xfd, 0xfc, 0xfb, 0xfa, 0xf9, 0xf9, 0xf8, 0xf8, 0xf8, 0xf8,
  0xf8, 0xf9, 0xfa, 0xfc, 0xfd, 0xff, 0x00, 0x02, 0x03, 0x04, 0x05, 0x05,
  0x06, 0x06, 0x06, 0x06, 0x05, 0x05, 0x05, 0x04, 0x04, 0x03, 0x02, 0x01,
  0x00, 0xfe, 0xfd, 0xfc, 0xfb, 0xfa, 0xf9, 0xf9, 0xf9, 0xfa, 0xfa, 0xfb,
  0xfc, 0xfd, 0xff, 0x00, 0x00, 0x01, 0x02, 0x02, 0x03, 0x03, 0x03, 0x04,
  0x04, 0x04, 0x05, 0x05, 0x05, 0x05, 0x05, 0x04, 0x03, 0x02, 0x00, 0xff,
  0xfd, 0xfc, 0xfa, 0xf9, 0xf8, 0xf7, 0xf7, 0xf7, 0xf7, 0xf8, 0xf9, 0xfa,
  0xfb, 0xfc, 0xfe, 0xff, 0x00, 0x02, 0x03, 0x04, 0x05, 0x05, 0x06, 0x06,
  0x06, 0x06, 0x06, 0x06, 0x06, 0x05, 0x05, 0x04, 0x04, 0x03, 0x02, 0x01,
  0x01, 0x00, 0xff, 0xfe, 0xfd, 0xfc, 0xfb, 0xfa, 0xf9, 0xf8, 0xf8, 0xf8,
  0xf8, 0xf8, 0xf9, 0xfa, 0xfb, 0xfc, 0xfd, 0xfe, 0xff, 0x00, 0x01, 0x01,
  0x02, 0x03, 0x04, 0x05, 0x05, 0x06, 0x06, 0x06, 0x06, 0x06, 0x05, 0x04,
  0x03, 0x01, 0x00, 0xff, 0xfe, 0xfd, 0xfc, 0xfc, 0xfc, 0xfc, 0xfd, 0xfe,
  0xfe, 0xff, 0x00, 0x00, 0x00, 0x00, 0x00, 0xff, 0xff, 0xfe, 0xfe, 0xfd,
  0xfd, 0xfd, 0xfd, 0xfd, 0xfd, 0xfd, 0xfd, 0xfe, 0xfe, 0xfe, 0xff, 0xff,
  0x00, 0x00, 0x00, 0x01, 0x01, 0x02, 0x02, 0x02, 0x03, 0x03, 0x03, 0x03,
  0x03, 0x03, 0x03, 0x03, 0x03, 0x03, 0x02, 0x02, 0x01, 0x01, 0x00, 0xff,
  0xfe, 0xfd, 0xfc, 0xfb, 0xfa, 0xfa, 0xfa, 0xfa, 0xfa, 0xfa, 0xfb, 0xfb,
  0xfc, 0xfd, 0xfd, 0xfe, 0xff, 0x00, 0x00, 0x01, 0x02, 0x03, 0x04, 0x05,
  0x05, 0x06, 0x06, 0x06, 0x05, 0x05, 0x04, 0x03, 0x01, 0x00, 0xfe, 0xfd,
  0xfc, 0xfb, 0xfb, 0xfb, 0xfb, 0xfb, 0xfb, 0xfc, 0xfd, 0xfd, 0xfd, 0xfe,
  0xfe, 0xfe, 0xfe, 0xff, 0xff, 0xff, 0x00, 0x01, 0x02, 0x03, 0x04, 0x04,
  0x05, 0x06, 0x06, 0x06, 0x06, 0x06, 0x05, 0x05, 0x04, 0x02, 0x01, 0x00,
  0xfe, 0xfc, 0xfb, 0xf9, 0xf8, 0xf7, 0xf6, 0xf6, 0xf5, 0xf6, 0xf6, 0xf7,
  0xf8, 0xf9, 0xfb, 0xfc, 0xfe, 0xff, 0x01, 0x02, 0x03, 0x05, 0x05, 0x06,
  0x07, 0x07, 0x08, 0x08, 0x08, 0x07, 0x07, 0x06, 0x05, 0x03, 0x02, 0x01,
  0xff, 0xfe, 0xfd, 0xfd, 0xfc, 0xfc, 0xfc, 0xfc, 0xfc, 0xfd, 0xfd, 0xfd,
  0xfd, 0xfd, 0xfd, 0xfd, 0xfd, 0xfd, 0xfd, 0xfe, 0xfe, 0xff, 0xff, 0x00,
  0x01, 0x02, 0x02, 0x02, 0x02, 0x02, 0x01, 0x01, 0x00, 0xff, 0xfe, 0xfd,
  0xfc, 0xfc, 0xfc, 0xfc, 0xfc, 0xfc, 0xfd, 0xfe, 0xff, 0xff, 0x00, 0x01,
  0x01, 0x02, 0x03, 0x03, 0x03, 0x03, 0x03, 0x03, 0x03, 0x03, 0x03, 0x03,
  0x02, 0x02, 0x02, 0x01, 0x01, 0x00, 0x00, 0xff, 0xff, 0xfe, 0xfe, 0xfe,
  0xfd, 0xfd, 0xfc, 0xfc, 0xfc, 0xfc, 0xfc, 0xfc, 0xfc, 0xfc, 0xfc, 0xfd,
  0xfd, 0xfe, 0xfe, 0xff, 0xff, 0xff, 0x00, 0x00, 0x00, 0x01, 0x01, 0x02,
  0x02, 0x03, 0x03, 0x03, 0x03, 0x03, 0x02, 0x01, 0x00, 0xff, 0xfe, 0xfe,
  0xfd, 0xfd, 0xfd, 0xfd, 0xfe, 0xff, 0x00, 0x01, 0x02, 0x03, 0x04, 0x04,
  0x04, 0x04, 0x04, 0x03, 0x02, 0x01, 0x00, 0xff, 0xfe, 0xfe, 0xfd, 0xfc,
  0xfc, 0xfb, 0xfb, 0xfb, 0xfa, 0xfa, 0xfa, 0xfa, 0xfb, 0xfb, 0xfc, 0xfc,
  0xfd, 0xfe, 0xff, 0x00, 0x01, 0x02, 0x03, 0x04, 0x05, 0x05, 0x05, 0x06,
  0x06, 0x06, 0x06, 0x05, 0x05, 0x04, 0x03, 0x02, 0x01, 0x00, 0xff, 0xfe,
  0xfd, 0xfb, 0xfb, 0xfa, 0xf9, 0xf9, 0xf8, 0xf8, 0xf8, 0xf9, 0xf9, 0xfa,
  0xfa, 0xfb, 0xfc, 0xfd, 0xff, 0x00, 0x02, 0x03, 0x04, 0x06, 0x06, 0x07,
  0x07, 0x07, 0x07, 0x06, 0x05, 0x04, 0x03, 0x01, 0x00, 0xff, 0xff, 0xfe,
  0xfe, 0xfd, 0xfd, 0xfd, 0xfd, 0xfd, 0xfc, 0xfc, 0xfc, 0xfb, 0xfb, 0xfb,
  0xfb, 0xfb, 0xfc, 0xfd, 0xfe, 0xff, 0x00, 0x01, 0x02, 0x03, 0x04, 0x05,
  0x05, 0x05, 0x05, 0x05, 0x05, 0x04, 0x03, 0x02, 0x01, 0x00, 0xff, 0xfe,
  0xfc, 0xfb, 0xfa, 0xf9, 0xf9, 0xf8, 0xf8, 0xf8, 0xf8, 0xf9, 0xfa, 0xfb,
  0xfc, 0xfd, 0xff, 0x00, 0x01, 0x02, 0x03, 0x04, 0x05, 0x05, 0x06, 0x06,
  0x06, 0x06, 0x05, 0x05, 0x04, 0x03, 0x02, 0x01, 0x00, 0xff, 0xff, 0xfe,
  0xfe, 0xfe, 0xfe, 0xfe, 0xff, 0xff, 0xff, 0xff, 0xfe, 0xfe, 0xfe, 0xfd,
  0xfd, 0xfd, 0xfc, 0xfc, 0xfd, 0xfd, 0xfd, 0xfe, 0xfe, 0xff, 0xff, 0x00,
  0x00, 0xff, 0xff, 0xff, 0xfe, 0xfe, 0xfd, 0xfd, 0xfd, 0xfd, 0xfd, 0xfd,
  0xfe, 0xff, 0x00, 0x00, 0x01, 0x02, 0x03, 0x03, 0x04, 0x04, 0x05, 0x05,
  0x05, 0x05, 0x05, 0x05, 0x05, 0x04, 0x04, 0x03, 0x02, 0x01, 0x00, 0xff,
  0xff, 0xfe, 0xfd, 0xfc, 0xfb, 0xfb, 0xfa, 0xfa, 0xfa, 0xfa, 0xfa, 0xfa,
  0xfa, 0xfb, 0xfb, 0xfc, 0xfc, 0xfd, 0xfe, 0xfe, 0xff, 0x00, 0x00, 0x01,
  0x01, 0x02, 0x02, 0x02, 0x03, 0x03, 0x03, 0x03, 0x04, 0x04, 0x04, 0x03,
  0x03, 0x02, 0x01, 0x00, 0xff, 0xfe, 0xfd, 0xfc, 0xfb, 0xfb, 0xfb, 0xfb,
  0xfc, 0xfd, 0xfe, 0x00, 0x01, 0x02, 0x03, 0x04, 0x05, 0x05, 0x05, 0x04,
  0x04, 0x03, 0x03, 0x02, 0x01, 0x01, 0x00, 0xff, 0xfe, 0xfd, 0xfd, 0xfc,
  0xfb, 0xfa, 0xf9, 0xf9, 0xf9, 0xf9, 0xf9, 0xf9, 0xfa, 0xfb, 0xfc, 0xfd,
  0xfe, 0xff, 0x01, 0x02, 0x03, 0x03, 0x04, 0x05, 0x05, 0x05, 0x06, 0x06,
  0x05, 0x05, 0x05, 0x04, 0x04, 0x03, 0x02, 0x01, 0x00, 0xff, 0xfe, 0xfd,
  0xfc, 0xfb, 0xfb, 0xfa, 0xf9, 0xf9, 0xf9, 0xf9, 0xf9, 0xf9, 0xfa, 0xfb,
  0xfc, 0xfe, 0xff, 0x00, 0x02, 0x03, 0x04, 0x05, 0x05, 0x06, 0x06, 0x05,
  0x05, 0x04, 0x03, 0x03, 0x02, 0x02, 0x01, 0x01, 0x00, 0x00, 0x00, 0xff,
  0xff, 0xfe, 0xfe, 0xfd, 0xfd, 0xfc, 0xfb, 0xfb, 0xfb, 0xfb, 0xfb, 0xfb,
  0xfc, 0xfd, 0xfd, 0xfe, 0xff, 0x00, 0x01, 0x01, 0x02, 0x02, 0x02, 0x02,
  0x02, 0x02, 0x02, 0x02, 0x02, 0x01, 0x01, 0x00, 0x00, 0xff, 0xfe, 0xfe,
  0xfd, 0xfd, 0xfc, 0xfc, 0xfc, 0xfc, 0xfd, 0xfd, 0xfe, 0xff, 0x00, 0x00,
  0x01, 0x02, 0x03, 0x03, 0x03, 0x04, 0x04, 0x04, 0x03, 0x03, 0x02, 0x02,
  0x01, 0x00, 0x00, 0xff, 0xfe, 0xfe, 0xfe, 0xfe, 0xfe, 0xfe, 0xfe, 0xff,
  0xff, 0xff, 0x00, 0x00, 0x00, 0x00, 0xff, 0xff, 0xff, 0xff, 0xfe, 0xfe,
  0xfe, 0xfe, 0xff, 0xff, 0xff, 0xff, 0xff, 0xff, 0xff, 0xfe, 0xfd, 0xfd,
  0xfc, 0xfc, 0xfb, 0xfb, 0xfb, 0xfb, 0xfc, 0xfc, 0xfd, 0xfe, 0xff, 0x00,
  0x01, 0x02, 0x03, 0x04, 0x04, 0x05, 0x05, 0x06, 0x06, 0x07, 0x07, 0x07,
  0x07, 0x07, 0x06, 0x05, 0x05, 0x03, 0x02, 0x01, 0xff, 0xfe, 0xfd, 0xfb,
  0xfa, 0xf9, 0xf9, 0xf8, 0xf8, 0xf8, 0xf8, 0xf8, 0xf8, 0xf9, 0xf9, 0xfa,
  0xfb, 0xfc, 0xfc, 0xfd, 0xfe, 0xff, 0x00, 0x01, 0x01, 0x02, 0x03, 0x03,
  0x04, 0x04, 0x05, 0x05, 0x05, 0x05, 0x05, 0x05, 0x04, 0x03, 0x02, 0x01,
  0x00, 0xff, 0xfd, 0xfc, 0xfb, 0xfb, 0xfb, 0xfb, 0xfb, 0xfc, 0xfc, 0xfd,
  0xfe, 0xff, 0x00, 0x01, 0x02, 0x02, 0x03, 0x03, 0x03, 0x03, 0x03, 0x03,
  0x03, 0x03, 0x02, 0x02, 0x01, 0x01, 0x00, 0xff, 0xfe, 0xfd, 0xfc, 0xfb,
  0xfa, 0xfa, 0xfa, 0xfa, 0xfa, 0xfa, 0xfb, 0xfb, 0xfc, 0xfd, 0xfe, 0xff,
  0xff, 0x00, 0x00, 0x01, 0x01, 0x02, 0x02, 0x03, 0x03, 0x03, 0x04, 0x04,
  0x04, 0x04, 0x04, 0x04, 0x03, 0x03, 0x02, 0x01, 0x00, 0x00, 0xff, 0xfe,
  0xfd, 0xfc, 0xfc, 0xfb, 0xfb, 0xfb, 0xfb, 0xfc, 0xfc, 0xfd, 0xfe, 0xff,
  0xff, 0x00, 0x01, 0x01, 0x01, 0x02, 0x01, 0x01, 0x01, 0x01, 0x01, 0x01,
  0x01, 0x01, 0x01, 0x01, 0x01, 0x01, 0x01, 0x01, 0x00, 0x00, 0x00, 0xff,
  0xff, 0xfe, 0xfd, 0xfd, 0xfd, 0xfd, 0xfd, 0xfd, 0xfd, 0xfe, 0xfe, 0xfe,
  0xff, 0xff, 0xff, 0xff, 0xff, 0xff, 0xff, 0xff, 0xff, 0xff, 0xff, 0xff,
  0x00, 0x00, 0x00, 0x00, 0x00, 0x00, 0x00, 0x00, 0x00, 0x00, 0x00, 0x00,
  0x00, 0x00, 0x00, 0x01, 0x01, 0x02, 0x03, 0x03, 0x04, 0x04, 0x04, 0x04,
  0x04, 0x04, 0x03, 0x03, 0x02, 0x01, 0x00, 0xff, 0xfe, 0xfd, 0xfc, 0xfc,
  0xfb, 0xfb, 0xfa, 0xfa, 0xfa, 0xfa, 0xfb, 0xfb, 0xfc, 0xfc, 0xfd, 0xfd,
  0xfe, 0xfe, 0xff, 0xff, 0x00, 0x00, 0x01, 0x01, 0x02, 0x02, 0x03, 0x03,
  0x03, 0x03, 0x03, 0x02, 0x02, 0x01, 0x00, 0xff, 0xfe, 0xfd, 0xfc, 0xfc,
  0xfb, 0xfb, 0xfb, 0xfb, 0xfb, 0xfc, 0xfd, 0xfd, 0xfe, 0xff, 0xff, 0x00,
  0x01, 0x02, 0x03, 0x04, 0x05, 0x06, 0x07, 0x08, 0x08, 0x09, 0x09, 0x08,
  0x08, 0x07, 0x06, 0x05, 0x03, 0x02, 0x00, 0xff, 0xfd, 0xfc, 0xfb, 0xfa,
  0xf9, 0xf9, 0xf8, 0xf8, 0xf7, 0xf7, 0xf7, 0xf7, 0xf7, 0xf8, 0xf8, 0xf9,
  0xf9, 0xfa, 0xfb, 0xfc, 0xfd, 0xfe, 0x00, 0x01, 0x02, 0x03, 0x04, 0x05,
  0x05, 0x06, 0x06, 0x06, 0x06, 0x06, 0x05, 0x05, 0x04, 0x03, 0x02, 0x01,
  0x00, 0xff, 0xfe, 0xfe, 0xfe, 0xfd, 0xfe, 0xfe, 0xfe, 0xfe, 0xfe, 0xff,
  0xff, 0xff, 0xff, 0xff, 0x00, 0x00, 0x00, 0x01, 0x01, 0x01, 0x02, 0x02,
  0x02, 0x02, 0x02, 0x01, 0x01, 0x00, 0x00, 0xff, 0xfe, 0xfe, 0xfd, 0xfd,
  0xfd, 0xfd, 0xfd, 0xfe, 0xfe, 0xfe, 0xfe, 0xfe, 0xfe, 0xfe, 0xfe, 0xfe,
  0xfe, 0xfe, 0xfe, 0xfe, 0xfe, 0xfe, 0xff, 0xff, 0x00, 0x00, 0x00, 0x00,
  0x00, 0x00, 0x00, 0x00, 0x00, 0x00, 0x00, 0x00, 0xff, 0x00, 0x00, 0x00,
  0x00, 0x00, 0x01, 0x01, 0x01, 0x02, 0x02, 0x02, 0x02, 0x03, 0x02, 0x02,
  0x02, 0x01, 0x01, 0x00, 0xff, 0xff, 0xfe, 0xfe, 0xfd, 0xfd, 0xfd, 0xfd,
  0xfd, 0xfd, 0xfd, 0xfe, 0xfe, 0xfe, 0xfe, 0xfe, 0xfe, 0xfe, 0xff, 0xff,
  0xff, 0x00, 0x00, 0x01, 0x01, 0x02, 0x02, 0x03, 0x03, 0x03, 0x02, 0x02,
  0x01, 0x01, 0x00, 0xff, 0xff, 0xfe, 0xfe, 0xfe, 0xfd, 0xfd, 0xfd, 0xfd,
  0xfd, 0xfd, 0xfc, 0xfc, 0xfc, 0xfc, 0xfc, 0xfc, 0xfd, 0xfd, 0xfe, 0xff,
  0x00, 0x01, 0x03, 0x04, 0x05, 0x06, 0x06, 0x07, 0x07, 0x07, 0x06, 0x06,
  0x05, 0x04, 0x03, 0x02, 0x01, 0x00, 0xff, 0xfe, 0xfd, 0xfc, 0xfb, 0xfa,
  0xf9, 0xf9, 0xf9, 0xf8, 0xf8, 0xf8, 0xf9, 0xf9, 0xfa, 0xfa, 0xfb, 0xfc,
  0xfd, 0xff, 0x00, 0x01, 0x02, 0x03, 0x04, 0x05, 0x06, 0x06, 0x07, 0x06,
  0x06, 0x06, 0x05, 0x04, 0x03, 0x02, 0x01, 0x00, 0xff, 0xfe, 0xfe, 0xfd,
  0xfd, 0xfc, 0xfc, 0xfc, 0xfc, 0xfc, 0xfb, 0xfb, 0xfc, 0xfc, 0xfc, 0xfd,
  0xfe, 0xff, 0x00, 0x01, 0x02, 0x03, 0x03, 0x04, 0x04, 0x04, 0x04, 0x04,
  0x03, 0x03, 0x03, 0x02, 0x02, 0x01, 0x01, 0x01, 0x00, 0x00, 0x00, 0xff,
  0xfe, 0xfe, 0xfd, 0xfc, 0xfb, 0xfa, 0xf9, 0xf9, 0xf8, 0xf8, 0xf8, 0xf9,
  0xf9, 0xfa, 0xfa, 0xfb, 0xfc, 0xfd, 0xfe, 0xff, 0x00, 0x00, 0x01, 0x02,
  0x03, 0x03, 0x04, 0x04, 0x05, 0x05, 0x05, 0x06, 0x06, 0x06, 0x06, 0x06,
  0x06, 0x05, 0x05, 0x05, 0x04, 0x04, 0x03, 0x02, 0x01, 0x00, 0xff, 0xff,
  0xfe, 0xfd, 0xfd, 0xfc, 0xfc, 0xfb, 0xfb, 0xfb, 0xfb, 0xfb, 0xfb, 0xfb,
  0xfb, 0xfb, 0xfb, 0xfb, 0xfb, 0xfb, 0xfc, 0xfd, 0xfe, 0xff, 0x00, 0x01,
  0x02, 0x02, 0x03, 0x03, 0x04, 0x03, 0x03, 0x03, 0x02, 0x02, 0x01, 0x01,
  0x00, 0x00, 0xff, 0xff, 0xff, 0xfe, 0xfe, 0xfd, 0xfc, 0xfc, 0xfb, 0xfb,
  0xfa, 0xfa, 0xfa, 0xfb, 0xfb, 0xfc, 0xfd, 0xff, 0x00, 0x01, 0x03, 0x04,
  0x05, 0x06, 0x07, 0x07, 0x07, 0x08, 0x08, 0x07, 0x07, 0x06, 0x06, 0x05,
  0x04, 0x03, 0x02, 0x01, 0x00, 0xff, 0xfe, 0xfd, 0xfc, 0xfb, 0xfb, 0xfa,
  0xf9, 0xf9, 0xf8, 0xf8, 0xf8, 0xf8, 0xf8, 0xf9, 0xf9, 0xfa, 0xfb, 0xfc,
  0xfd, 0xfe, 0x00, 0x01, 0x02, 0x02, 0x03, 0x03, 0x03, 0x04, 0x04, 0x04,
  0x03, 0x03, 0x03, 0x03, 0x03, 0x03, 0x03, 0x02, 0x01, 0x01, 0x00, 0xff,
  0xfe, 0xfd, 0xfc, 0xfb, 0xfb, 0xfb, 0xfb, 0xfb, 0xfc, 0xfd, 0xfd, 0xfe,
  0xff, 0x00, 0x01, 0x02, 0x02, 0x03, 0x03, 0x03, 0x03, 0x03, 0x03, 0x04,
  0x04, 0x04, 0x04, 0x04, 0x04, 0x03, 0x03, 0x02, 0x01, 0x00, 0x00, 0xff,
  0xfe, 0xfd, 0xfc, 0xfb, 0xfb, 0xfa, 0xfa, 0xfa, 0xfa, 0xfb, 0xfb, 0xfc,
  0xfc, 0xfd, 0xfd, 0xfe, 0xfe, 0xff, 0xff, 0xff, 0xff, 0x00, 0x00, 0x00,
  0x00, 0x01, 0x01, 0x01, 0x02, 0x02, 0x03, 0x03, 0x03, 0x03, 0x03, 0x03,
  0x03, 0x02, 0x02, 0x01, 0x00, 0x00, 0xff, 0xff, 0xfe, 0xfe, 0xfe, 0xfe,
  0xfd, 0xfd, 0xfd, 0xfd, 0xfd, 0xfd, 0xfc, 0xfc, 0xfc, 0xfc, 0xfd, 0xfd,
  0xfe, 0xff, 0x00, 0x01, 0x02, 0x03, 0x04, 0x05, 0x05, 0x05, 0x05, 0x04,
  0x04, 0x03, 0x02, 0x01, 0x01, 0x00, 0xff, 0xff, 0xff, 0xfe, 0xfe, 0xfd,
  0xfd, 0xfc, 0xfc, 0xfb, 0xfb, 0xfa, 0xfa, 0xfa, 0xfa, 0xfa, 0xfa, 0xfb,
  0xfb, 0xfc, 0xfd, 0xfe, 0xff, 0x01, 0x02, 0x03, 0x04, 0x04, 0x05, 0x06,
  0x06, 0x06, 0x06, 0x06, 0x06, 0x06, 0x05, 0x05, 0x04, 0x04, 0x03, 0x02,
  0x01, 0x00, 0xff, 0xfe, 0xfd, 0xfc, 0xfb, 0xf9, 0xf8, 0xf8, 0xf7, 0xf7,
  0xf6, 0xf7, 0xf7, 0xf8, 0xf9, 0xfa, 0xfb, 0xfc, 0xfe, 0xff, 0x00, 0x01,
  0x02, 0x03, 0x04, 0x04, 0x05, 0x05, 0x06, 0x06, 0x07, 0x07, 0x07, 0x07,
  0x06, 0x06, 0x05, 0x04, 0x02, 0x01, 0x00, 0xfe, 0xfd, 0xfc, 0xfb, 0xfb,
  0xfa, 0xfa, 0xfb, 0xfb, 0xfb, 0xfc, 0xfd, 0xfd, 0xfe, 0xfe, 0xfe, 0xff,
  0xff, 0xff, 0x00, 0x00, 0x00, 0x01, 0x01, 0x02, 0x02, 0x03, 0x03, 0x03,
  0x04, 0x04, 0x03, 0x03, 0x03, 0x02, 0x01, 0x01, 0x00, 0xff, 0xfe, 0xfd,
  0xfc, 0xfc, 0xfb, 0xfa, 0xfa, 0xf9, 0xf9, 0xf9, 0xf9, 0xf9, 0xfa, 0xfa,
  0xfb, 0xfb, 0xfc, 0xfc, 0xfd, 0xfe, 0xff, 0x00, 0x01, 0x02, 0x03, 0x05,
  0x06, 0x06, 0x07, 0x08, 0x08, 0x08, 0x07, 0x07, 0x06, 0x05, 0x05, 0x04,
  0x03, 0x02, 0x02, 0x01, 0x00, 0x00, 0xff, 0xfe, 0xfe, 0xfd, 0xfc, 0xfb,
  0xfb, 0xfa, 0xf9, 0xf9, 0xf9, 0xf9, 0xf9, 0xfa, 0xfb, 0xfc, 0xfd, 0xfe,
  0xff, 0x00, 0x00, 0x01, 0x02, 0x02, 0x02, 0x02, 0x02, 0x02, 0x02, 0x02,
  0x02, 0x02, 0x02, 0x02, 0x02, 0x02, 0x02, 0x01, 0x00, 0x00, 0xff, 0xfe,
  0xfd, 0xfc, 0xfb, 0xfa, 0xfa, 0xf9, 0xf9, 0xf9, 0xf9, 0xfa, 0xfb, 0xfb,
  0xfc, 0xfe, 0xff, 0x00, 0x01, 0x02, 0x03, 0x04, 0x05, 0x05, 0x06, 0x06,
  0x07, 0x07, 0x07, 0x07, 0x06, 0x06, 0x05, 0x05, 0x04, 0x03, 0x02, 0x01,
  0xff, 0xfe, 0xfd, 0xfc, 0xfb, 0xfa, 0xfa, 0xf9, 0xf9, 0xfa, 0xfa, 0xfb,
  0xfb, 0xfc, 0xfd, 0xfd, 0xfe, 0xfe, 0xff, 0xff, 0xff, 0xff, 0x00, 0x00,
  0x01, 0x01, 0x02, 0x02, 0x03, 0x03, 0x04, 0x04, 0x04, 0x03, 0x02, 0x01,
  0x00, 0xff, 0xfe, 0xfd, 0xfc, 0xfb, 0xfb, 0xfa, 0xfa, 0xfa, 0xfa, 0xfb,
  0xfb, 0xfb, 0xfc, 0xfc, 0xfd, 0xfd, 0xfe, 0xff, 0xff, 0x00, 0x01, 0x02,
  0x03, 0x03, 0x04, 0x05, 0x06, 0x06, 0x07, 0x07, 0x07, 0x07, 0x07, 0x06,
  0x05, 0x04, 0x03, 0x02, 0x01, 0x00, 0xff, 0xfe, 0xfd, 0xfc, 0xfc, 0xfb,
  0xfb, 0xfa, 0xfa, 0xfa, 0xf9, 0xf9, 0xf9, 0xf9, 0xf9, 0xfa, 0xfa, 0xfb,
  0xfb, 0xfc, 0xfd, 0xfe, 0xff, 0x00, 0x01, 0x02, 0x03, 0x03, 0x04, 0x04,
  0x04, 0x04, 0x04, 0x04, 0x04, 0x04, 0x03, 0x03, 0x03, 0x03, 0x03, 0x03,
  0x02, 0x02, 0x01, 0x00, 0xff, 0xfe, 0xfc, 0xfb, 0xfa, 0xf9, 0xf8, 0xf8,
  0xf8, 0xf8, 0xf8, 0xf9, 0xfa, 0xfb, 0xfc, 0xfd, 0xfe, 0xff, 0x00, 0x01,
  0x02, 0x03, 0x04, 0x04, 0x05, 0x05, 0x06, 0x06, 0x06, 0x06, 0x06, 0x06,
  0x05, 0x05, 0x04, 0x03, 0x02, 0x00, 0xff, 0xfe, 0xfd, 0xfc, 0xfb, 0xfa,
  0xfa, 0xf9, 0xf9, 0xf9, 0xf9, 0xfa, 0xfa, 0xfb, 0xfb, 0xfc, 0xfd, 0xfe,
  0xfe, 0xff, 0x00, 0x01, 0x02, 0x03, 0x04, 0x05, 0x05, 0x06, 0x06, 0x07,
  0x07, 0x07, 0x06, 0x05, 0x04, 0x03, 0x02, 0x00, 0xff, 0xfe, 0xfc, 0xfb,
  0xfa, 0xf9, 0xf8, 0xf8, 0xf8, 0xf7, 0xf7, 0xf8, 0xf8, 0xf8, 0xf9, 0xf9,
  0xfa, 0xfb, 0xfc, 0xfd, 0xfe, 0x00, 0x01, 0x02, 0x04, 0x05, 0x07, 0x08,
  0x09, 0x09, 0x0a, 0x0a, 0x09, 0x09, 0x08, 0x07, 0x05, 0x04, 0x03, 0x02,
  0x00, 0xff, 0xfe, 0xfd, 0xfc, 0xfb, 0xfb, 0xfa, 0xfa, 0xf9, 0xf9, 0xf9,
  0xf9, 0xfa, 0xfa, 0xfb, 0xfb, 0xfc, 0xfd, 0xfe, 0xff, 0x00, 0x01, 0x01,
  0x02, 0x03, 0x03, 0x03, 0x04, 0x04, 0x04, 0x04, 0x03, 0x03, 0x03, 0x02,
  0x02, 0x02, 0x01, 0x01, 0x00, 0x00, 0xff, 0xff, 0xfe, 0xfe, 0xfd, 0xfc,
  0xfc, 0xfb, 0xfa, 0xfa, 0xfa, 0xfa, 0xfa, 0xfa, 0xfb, 0xfb, 0xfc, 0xfd,
  0xfe, 0xff, 0x00, 0x01, 0x01, 0x02, 0x02, 0x03, 0x03, 0x03, 0x03, 0x03,
  0x03, 0x04, 0x04, 0x04, 0x04, 0x04, 0x04, 0x04, 0x03, 0x03, 0x02, 0x01,
  0x00, 0xff, 0xff, 0xfe, 0xfd, 0xfd, 0xfc, 0xfc, 0xfc, 0xfc, 0xfc, 0xfc,
  0xfc, 0xfc, 0xfd, 0xfd, 0xfd, 0xfe, 0xfe, 0xff, 0xff, 0x00, 0x00, 0x01,
  0x01, 0x02, 0x03, 0x03, 0x04, 0x04, 0x04, 0x04, 0x04, 0x04, 0x03, 0x02,
  0x01, 0x01, 0xff, 0xfe, 0xfd, 0xfc, 0xfb, 0xfb, 0xfa, 0xf9, 0xf9, 0xf9,
  0xf8, 0xf8, 0xf8, 0xf8, 0xf9, 0xf9, 0xfa, 0xfa, 0xfb, 0xfc, 0xfe, 0xff,
  0x01, 0x03, 0x04, 0x06, 0x07, 0x09, 0x0a, 0x0b, 0x0b, 0x0b, 0x0b, 0x0a,
  0x09, 0x08, 0x07, 0x05, 0x03, 0x02, 0x00, 0xff, 0xfd, 0xfc, 0xfb, 0xfa,
  0xf9, 0xf8, 0xf7, 0xf7, 0xf7, 0xf6, 0xf6, 0xf7, 0xf7, 0xf8, 0xf9, 0xfa,
  0xfb, 0xfd, 0xfe, 0x00, 0x01, 0x03, 0x04, 0x05, 0x06, 0x07, 0x07, 0x07,
  0x07, 0x07, 0x07, 0x06, 0x06, 0x05, 0x04, 0x03, 0x02, 0x01, 0x00, 0xff,
  0xfe, 0xfd, 0xfc, 0xfa, 0xf9, 0xf9, 0xf8, 0xf7, 0xf7, 0xf7, 0xf8, 0xf8,
  0xf9, 0xfa, 0xfb, 0xfc, 0xfd, 0xff, 0x00, 0x01, 0x02, 0x03, 0x04, 0x04,
  0x05, 0x05, 0x05, 0x05, 0x05, 0x05, 0x04, 0x04, 0x04, 0x03, 0x03, 0x02,
  0x02, 0x01, 0x00, 0xff, 0xfe, 0xfe, 0xfd, 0xfc, 0xfb, 0xfb, 0xfb, 0xfb,
  0xfb, 0xfc, 0xfc, 0xfd, 0xfd, 0xfe, 0xff, 0x00, 0x00, 0x01, 0x01, 0x01,
  0x01, 0x02, 0x02, 0x02, 0x02, 0x02, 0x02, 0x02, 0x03, 0x03, 0x03, 0x03,
  0x03, 0x02, 0x02, 0x02, 0x01, 0x00, 0x00, 0xff, 0xfe, 0xfe, 0xfd, 0xfd,
  0xfc, 0xfc, 0xfb, 0xfb, 0xfb, 0xfa, 0xfa, 0xfa, 0xfa, 0xfa, 0xfa, 0xfa,
  0xfa, 0xfa, 0xfb, 0xfc, 0xfd, 0xfe, 0xff, 0x00, 0x02, 0x03, 0x04, 0x05,
  0x06, 0x06, 0x07, 0x07, 0x07, 0x07, 0x07, 0x07, 0x06, 0x06, 0x05, 0x04,
  0x03, 0x02, 0x01, 0x00, 0x00, 0xff, 0xfe, 0xfd, 0xfc, 0xfb, 0xfa, 0xf9,
  0xf9, 0xf8, 0xf8, 0xf8, 0xf8, 0xf9, 0xf9, 0xfa, 0xfb, 0xfc, 0xfe, 0xff,
  0x00, 0x02, 0x03, 0x04, 0x05, 0x05, 0x06, 0x06, 0x06, 0x06, 0x06, 0x06,
  0x05, 0x05, 0x04, 0x03, 0x02, 0x01, 0x00, 0xff, 0xfe, 0xfc, 0xfb, 0xfa,
  0xf9, 0xf8, 0xf7, 0xf7, 0xf7, 0xf7, 0xf8, 0xf8, 0xf9, 0xfa, 0xfb, 0xfd,
  0xfe, 0xff, 0x01, 0x02, 0x03, 0x04, 0x05, 0x06, 0x07, 0x07, 0x07, 0x07,
  0x07, 0x07, 0x06, 0x06, 0x05, 0x04, 0x03, 0x01, 0x00, 0xff, 0xfd, 0xfc,
  0xfb, 0xfa, 0xf9, 0xf9, 0xf8, 0xf8, 0xf9, 0xf9, 0xfa, 0xfb, 0xfc, 0xfd,
  0xfe, 0xff, 0x00, 0x02, 0x02, 0x03, 0x04, 0x04, 0x05, 0x05, 0x05, 0x05,
  0x05, 0x05, 0x04, 0x04, 0x03, 0x03, 0x02, 0x01, 0x01, 0x00, 0xff, 0xfd,
  0xfc, 0xfb, 0xfb, 0xfa, 0xf9, 0xf9, 0xf9, 0xf9, 0xf9, 0xf9, 0xfa, 0xfa,
  0xfb, 0xfc, 0xfd, 0xfd, 0xfe, 0xff, 0x00, 0x00, 0x01, 0x02, 0x02, 0x03,
  0x04, 0x04, 0x05, 0x05, 0x06, 0x06, 0x06, 0x05, 0x05, 0x05, 0x04, 0x03,
  0x02, 0x02, 0x01, 0x00, 0xff, 0xff, 0xfe, 0xfe, 0xfd, 0xfd, 0xfd, 0xfc,
  0xfc, 0xfc, 0xfc, 0xfc, 0xfb, 0xfb, 0xfb, 0xfb, 0xfb, 0xfc, 0xfc, 0xfc,
  0xfd, 0xfd, 0xfe, 0xff, 0x00, 0x00, 0x01, 0x02, 0x02, 0x03, 0x03, 0x03,
  0x03, 0x04, 0x04, 0x04, 0x04, 0x03, 0x03, 0x03, 0x03, 0x03, 0x03, 0x02,
  0x02, 0x01, 0x01, 0x00, 0xff, 0xfe, 0xfd, 0xfc, 0xfb, 0xfa, 0xf9, 0xf9,
  0xf9, 0xf9, 0xf9, 0xfa, 0xfa, 0xfb, 0xfc, 0xfd, 0xfe, 0xff, 0x00, 0x01,
  0x02, 0x03, 0x03, 0x04, 0x05, 0x05, 0x06, 0x06, 0x06, 0x06, 0x05, 0x05,
  0x04, 0x03, 0x02, 0x01, 0x00, 0xfe, 0xfd, 0xfc, 0xfb, 0xfa, 0xf9, 0xf9,
  0xf9, 0xf9, 0xf9, 0xf9, 0xfa, 0xfa, 0xfb, 0xfc, 0xfd, 0xfe, 0xff, 0x00,
  0x01, 0x02, 0x03, 0x04, 0x05, 0x06, 0x07, 0x08, 0x08, 0x08, 0x08, 0x08,
  0x08, 0x07, 0x06, 0x05, 0x03, 0x02, 0x00, 0xff, 0xfd, 0xfc, 0xfa, 0xf9,
  0xf8, 0xf7, 0xf7, 0xf6, 0xf6, 0xf7, 0xf7, 0xf7, 0xf8, 0xf9, 0xfa, 0xfb,
  0xfb, 0xfd, 0xfe, 0xff, 0x00, 0x01, 0x03, 0x04, 0x05, 0x06, 0x06, 0x07,
  0x07, 0x07, 0x07, 0x06, 0x06, 0x05, 0x04, 0x03, 0x02, 0x00, 0xff, 0xfe,
  0xfd, 0xfd, 0xfc, 0xfc, 0xfb, 0xfb, 0xfb, 0xfb, 0xfb, 0xfb, 0xfb, 0xfc,
  0xfc, 0xfd, 0xfe, 0xff, 0xff, 0x00, 0x01, 0x02, 0x03, 0x03, 0x04, 0x04,
  0x04, 0x04, 0x04, 0x04, 0x03, 0x03, 0x02, 0x01, 0x01, 0x00, 0x00, 0x00,
  0xff, 0xff, 0xff, 0xff, 0xfe, 0xfe, 0xfe, 0xfe, 0xfe, 0xfe, 0xfe, 0xfd,
  0xfd, 0xfd, 0xfd, 0xfd, 0xfc, 0xfc, 0xfc, 0xfd, 0xfd, 0xfd, 0xfd, 0xfe,
  0xfe, 0xff, 0xff, 0xff, 0xff, 0x00, 0x00, 0x00, 0x00, 0x00, 0x00, 0x00,
  0x01, 0x01, 0x01, 0x01, 0x01, 0x02, 0x02, 0x02, 0x02, 0x02, 0x01, 0x01,
  0x01, 0x00, 0x00, 0x00, 0x00, 0xff, 0xff, 0xff, 0xff, 0xff, 0xff, 0xff,
  0xff, 0xff, 0xff, 0xff, 0xff, 0xff, 0x00, 0x00, 0x00, 0x00, 0x01, 0x01,
  0x01, 0x02, 0x02, 0x02, 0x02, 0x03, 0x02, 0x02, 0x02, 0x01, 0x01, 0x00,
  0xff, 0xfe, 0xfe, 0xfd, 0xfc, 0xfc, 0xfb, 0xfa, 0xfa, 0xfa, 0xfa, 0xfa,
  0xfa, 0xfa, 0xfa, 0xfa, 0xfb, 0xfb, 0xfc, 0xfd, 0xfd, 0xfe, 0xff, 0x00,
  0x02, 0x03, 0x04, 0x05, 0x06, 0x07, 0x08, 0x08, 0x08, 0x08, 0x08, 0x07,
  0x07, 0x05, 0x04, 0x03, 0x01, 0x00, 0xff, 0xfd, 0xfc, 0xfb, 0xfa, 0xf9,
  0xf9, 0xf8, 0xf8, 0xf8, 0xf8, 0xf9, 0xf9, 0xfa, 0xfb, 0xfc, 0xfd, 0xfe,
  0xff, 0x00, 0x02, 0x03, 0x04, 0x05, 0x06, 0x06, 0x06, 0x06, 0x06, 0x06,
  0x05, 0x04, 0x03, 0x03, 0x02, 0x01, 0x00, 0xff, 0xfe, 0xfd, 0xfd, 0xfc,
  0xfb, 0xfb, 0xfa, 0xfa, 0xfa, 0xfa, 0xfa, 0xfa, 0xfa, 0xfb, 0xfb, 0xfc,
  0xfd, 0xfe, 0xff, 0x00, 0x01, 0x02, 0x03, 0x04, 0x05, 0x05, 0x05, 0x05,
  0x05, 0x05, 0x05, 0x04, 0x03, 0x03, 0x02, 0x01, 0x00, 0x00, 0xff, 0xff,
  0xfe, 0xfd, 0xfd, 0xfc, 0xfc, 0xfc, 0xfb, 0xfb, 0xfb, 0xfb, 0xfb, 0xfb,
  0xfb, 0xfc, 0xfc, 0xfd, 0xfe, 0xff, 0xff, 0x00, 0x01, 0x01, 0x01, 0x02,
  0x02, 0x02, 0x02, 0x02, 0x02, 0x02, 0x03, 0x03, 0x03, 0x03, 0x03, 0x02,
  0x02, 0x02, 0x02, 0x01, 0x01, 0x00, 0x00, 0x00, 0xff, 0xff, 0xff, 0xff,
  0xfe, 0xfe, 0xfe, 0xfe, 0xfe, 0xfe, 0xfe, 0xfd, 0xfd, 0xfd, 0xfc, 0xfc,
  0xfc, 0xfc, 0xfc, 0xfc, 0xfc, 0xfd, 0xfd, 0xfe, 0xff, 0x00, 0x01, 0x02,
  0x02, 0x03, 0x04, 0x04, 0x04, 0x04, 0x04, 0x04, 0x03, 0x03, 0x02, 0x01,
  0x01, 0x00, 0xff, 0xff, 0xfe, 0xfd, 0xfc, 0xfc, 0xfb, 0xfb, 0xfa, 0xfa,
  0xfa, 0xfa, 0xfa, 0xfa, 0xfb, 0xfb, 0xfc, 0xfd, 0xfe, 0xff, 0x00, 0x01,
  0x02, 0x03, 0x04, 0x05, 0x05, 0x06, 0x06, 0x06, 0x06, 0x06, 0x06, 0x06,
  0x05, 0x05, 0x04, 0x04, 0x03, 0x02, 0x01, 0x00, 0xff, 0xfe, 0xfd, 0xfc,
  0xfb, 0xfa, 0xfa, 0xf9, 0xf9, 0xf9, 0xfa, 0xfa, 0xfb, 0xfb, 0xfc, 0xfd,
  0xfe, 0xff, 0xff, 0x00, 0x00, 0x01, 0x01, 0x02, 0x02, 0x02, 0x02, 0x02,
  0x02, 0x01, 0x01, 0x01, 0x00, 0x00, 0xff, 0xff, 0xfe, 0xfe, 0xfd, 0xfd,
  0xfc, 0xfc, 0xfc, 0xfc, 0xfc, 0xfc, 0xfc, 0xfd, 0xfe, 0xff, 0x00, 0x00,
  0x01, 0x02, 0x03, 0x04, 0x05, 0x05, 0x06, 0x06, 0x06, 0x06, 0x05, 0x05,
  0x05, 0x04, 0x03, 0x02, 0x02, 0x01, 0x00, 0xff, 0xfe, 0xfd, 0xfd, 0xfc,
  0xfc, 0xfb, 0xfb, 0xfb, 0xfb, 0xfb, 0xfb, 0xfc, 0xfc, 0xfd, 0xfd, 0xfe,
  0xfe, 0xff, 0xff, 0xff, 0xff, 0xff, 0xff, 0xff, 0xff, 0xff, 0xff, 0x00,
  0x00, 0x00, 0x00, 0x00, 0x00, 0x00, 0x00, 0x00, 0x00, 0x00, 0x00, 0xff,
  0xff, 0xff, 0xff, 0xff, 0xff, 0xff, 0xff, 0xff, 0xff, 0xff, 0x00, 0x00,
  0x00, 0x00, 0x01, 0x01, 0x01, 0x01, 0x01, 0x01, 0x01, 0x01, 0x01, 0x01,
  0x01, 0x01, 0x01, 0x01, 0x01, 0x01, 0x01, 0x01, 0x01, 0x01, 0x01, 0x01,
  0x00, 0x00, 0x00, 0x00, 0x00, 0x00, 0xff, 0xff, 0xff, 0xff, 0xff, 0xff,
  0xfe, 0xfe, 0xfe, 0xfd, 0xfd, 0xfd, 0xfc, 0xfc, 0xfc, 0xfc, 0xfc, 0xfc,
  0xfc, 0xfc, 0xfd, 0xfd, 0xfe, 0xfe, 0xff, 0xff, 0x00, 0x01, 0x01, 0x02,
  0x02, 0x02, 0x03, 0x03, 0x04, 0x04, 0x04, 0x04, 0x04, 0x04, 0x04, 0x03,
  0x03, 0x02, 0x01, 0x00, 0xff, 0xfe, 0xfd, 0xfc, 0xfc, 0xfb, 0xfa, 0xfa,
  0xfa, 0xfa, 0xfa, 0xfa, 0xfb, 0xfc, 0xfd, 0xfd, 0xfe, 0xff, 0x00, 0x01,
  0x02, 0x03, 0x04, 0x04, 0x05, 0x05, 0x05, 0x05, 0x05, 0x05, 0x04, 0x03,
  0x03, 0x02, 0x01, 0x00, 0xff, 0xfe, 0xfd, 0xfc, 0xfc, 0xfb, 0xfa, 0xfa,
  0xfa, 0xfa, 0xfa, 0xfa, 0xfb, 0xfb, 0xfc, 0xfc, 0xfd, 0xfd, 0xfe, 0xff,
  0x00, 0x00, 0x01, 0x02, 0x03, 0x03, 0x04, 0x05, 0x05, 0x06, 0x06, 0x06,
  0x06, 0x05, 0x05, 0x04, 0x03, 0x02, 0x01, 0x00, 0xff, 0xfe, 0xfd, 0xfc,
  0xfc, 0xfc, 0xfb, 0xfb, 0xfb, 0xfb, 0xfb, 0xfb, 0xfb, 0xfc, 0xfc, 0xfc,
  0xfd, 0xfd, 0xfe, 0xfe, 0xff, 0xff, 0x00, 0x00, 0x01, 0x01, 0x01, 0x01,
  0x02, 0x02, 0x02, 0x02, 0x02, 0x01, 0x01, 0x01, 0x01, 0x01, 0x01, 0x00,
  0x00, 0x00, 0x00, 0x00, 0x00, 0x00, 0x00, 0x00, 0x00, 0x00, 0x00, 0x01,
  0x01, 0x01, 0x01, 0x01, 0x00, 0x00, 0x00, 0x00, 0x00, 0x00, 0xff, 0xff,
  0xff, 0xfe, 0xfe, 0xfe, 0xfd, 0xfd, 0xfd, 0xfd, 0xfd, 0xfe, 0xfe, 0xfe,
  0xff, 0xff, 0x00, 0x00, 0x01, 0x01, 0x01, 0x01, 0x01, 0x01, 0x00, 0x00,
  0xff, 0xff, 0xfe, 0xfe, 0xfe, 0xfd, 0xfd, 0xfd, 0xfd, 0xfd, 0xfd, 0xfd,
  0xfd, 0xfd, 0xfe, 0xfe, 0xfe, 0xfe, 0xff, 0xff, 0x00, 0x00, 0x01, 0x01,
  0x02, 0x02, 0x03, 0x03, 0x03, 0x03, 0x03, 0x03, 0x03, 0x03, 0x03, 0x03,
  0x03, 0x02, 0x02, 0x02, 0x01, 0x01, 0x00, 0x00, 0xff, 0xff, 0xfe, 0xfe,
  0xfd, 0xfd, 0xfd, 0xfc, 0xfc, 0xfd, 0xfd, 0xfd, 0xfd, 0xfe, 0xfe, 0xff,
  0xff, 0xff, 0x00, 0x00, 0x00, 0x01, 0x01, 0x01, 0x00, 0x00, 0x00, 0xff,
  0xff, 0xff, 0xfe, 0xfe, 0xfd, 0xfd, 0xfd, 0xfd, 0xfd, 0xfc, 0xfd, 0xfd,
  0xfd, 0xfd, 0xfd, 0xfd, 0xfe, 0xfe, 0xfe, 0xff, 0x00, 0x00, 0x01, 0x02,
  0x03, 0x03, 0x04, 0x05, 0x05, 0x05, 0x05, 0x05, 0x05, 0x05, 0x04, 0x04,
  0x03, 0x02, 0x01, 0x01, 0x00, 0xff, 0xfe, 0xfd, 0xfd, 0xfc, 0xfc, 0xfb,
  0xfb, 0xfb, 0xfb, 0xfc, 0xfc, 0xfc, 0xfd, 0xfe, 0xfe, 0xff, 0x00, 0x00,
  0x01, 0x01, 0x01, 0x02, 0x02, 0x01, 0x01, 0x01, 0x01, 0x00, 0x00, 0x00,
  0xff, 0xff, 0xff, 0xff, 0xfe, 0xfe, 0xfe, 0xfe, 0xfd, 0xfd, 0xfd, 0xfd,
  0xfd, 0xfd, 0xfd, 0xfd, 0xfd, 0xfd, 0xfe, 0xfe, 0xfe, 0xff, 0xff, 0x00,
  0x00, 0x01, 0x02, 0x02, 0x03, 0x03, 0x03, 0x03, 0x04, 0x03, 0x03, 0x03,
  0x03, 0x02, 0x02, 0x02, 0x01, 0x01, 0x01, 0x00, 0x00, 0x00, 0x00, 0xff,
  0xff, 0xff, 0xff, 0xfe, 0xfe, 0xfe, 0xfe, 0xfe, 0xfe, 0xfd, 0xfd, 0xfe,
  0xfe, 0xfe, 0xfe, 0xfe, 0xfe, 0xfe, 0xfe, 0xfe, 0xfe, 0xfe, 0xfe, 0xfe,
  0xfe, 0xfe, 0xff, 0xff, 0xff, 0x00, 0x00, 0x00, 0x01, 0x01, 0x01, 0x01,
  0x02, 0x02, 0x02, 0x02, 0x02, 0x02, 0x02, 0x02, 0x02, 0x02, 0x02, 0x01,
  0x01, 0x01, 0x00, 0x00, 0xff, 0xff, 0xfe, 0xfd, 0xfd, 0xfc, 0xfc, 0xfc,
  0xfb, 0xfb, 0xfc, 0xfc, 0xfc, 0xfd, 0xfe, 0xfe, 0xff, 0x00, 0x01, 0x02,
  0x02, 0x03, 0x03, 0x03, 0x03, 0x03, 0x03, 0x03, 0x03, 0x02, 0x02, 0x01,
  0x01, 0x00, 0x00, 0xff, 0xff, 0xfe, 0xfd, 0xfd, 0xfd, 0xfc, 0xfc, 0xfc,
  0xfc, 0xfc, 0xfc, 0xfc, 0xfd, 0xfd, 0xfe, 0xff, 0xff, 0x00, 0x00, 0x01,
  0x01, 0x02, 0x02, 0x02, 0x02, 0x02, 0x03, 0x03, 0x03, 0x03, 0x03, 0x03,
  0x03, 0x02, 0x02, 0x01, 0x01, 0x00, 0xff, 0xfe, 0xfd, 0xfd, 0xfc, 0xfc,
  0xfc, 0xfc, 0xfc, 0xfc, 0xfc, 0xfd, 0xfd, 0xfe, 0xfe, 0xfe, 0xff, 0xff,
  0x00, 0x00, 0x00, 0x00, 0x00, 0x00, 0x00, 0x00, 0x00, 0x00, 0x00, 0x00,
  0x00, 0x00, 0x00, 0x00, 0xff, 0xff, 0xff, 0xff, 0xff, 0xff, 0xfe, 0xfe,
  0xfe, 0xfe, 0xff, 0xff, 0xff, 0x00, 0x00, 0x01, 0x01, 0x02, 0x02, 0x03,
  0x03, 0x03, 0x03, 0x03, 0x03, 0x03, 0x02, 0x02, 0x02, 0x01, 0x01, 0x00,
  0x00, 0xff, 0xff, 0xfe, 0xfe, 0xfd, 0xfd, 0xfc, 0xfc, 0xfc, 0xfc, 0xfc,
  0xfc, 0xfc, 0xfd, 0xfd, 0xfe, 0xfe, 0xff, 0xff, 0x00, 0x00, 0x00, 0x00,
  0x00, 0x00, 0x00, 0xff, 0xff, 0xff, 0xff, 0xff, 0xff, 0xff, 0xff, 0xff,
  0xff, 0xff, 0xff, 0xff, 0xff, 0xff, 0xff, 0xff, 0xff, 0xff, 0x00, 0x00,
  0x00, 0x00, 0x00, 0x01, 0x01, 0x01, 0x01, 0x01, 0x01, 0x02, 0x02, 0x02,
  0x02, 0x01, 0x01, 0x01, 0x01, 0x01, 0x01, 0x00, 0x00, 0x00, 0x00, 0x00,
  0x00, 0x00, 0x00, 0xff, 0xff, 0xff, 0xff, 0xff, 0xff, 0xff, 0xff, 0xff,
  0xff, 0xff, 0xff, 0xff, 0xff, 0xff, 0xff, 0xff, 0xff, 0xfe, 0xfe, 0xfe,
  0xfd, 0xfd, 0xfd, 0xfc, 0xfc, 0xfc, 0xfc, 0xfc, 0xfc, 0xfc, 0xfd, 0xfd,
  0xfe, 0xfe, 0xff, 0xff, 0x00, 0x00, 0x00, 0x01, 0x01, 0x02, 0x02, 0x02,
  0x03, 0x03, 0x04, 0x04, 0x04, 0x04, 0x05, 0x04, 0x04, 0x04, 0x03, 0x03,
  0x02, 0x01, 0x00, 0xff, 0xfe, 0xfd, 0xfd, 0xfc, 0xfc, 0xfc, 0xfb, 0xfb,
  0xfc, 0xfc, 0xfc, 0xfd, 0xfd, 0xfe, 0xff, 0xff, 0x00, 0x01, 0x01, 0x02,
  0x02, 0x02, 0x03, 0x03, 0x03, 0x02, 0x02, 0x02, 0x02, 0x01, 0x01, 0x00,
  0x00, 0xff, 0xfe, 0xfe, 0xfd, 0xfd, 0xfc, 0xfc, 0xfb, 0xfb, 0xfb, 0xfb,
  0xfc, 0xfc, 0xfc, 0xfd, 0xfd, 0xfe, 0xfe, 0xfe, 0xff, 0xff, 0x00, 0x00,
  0x01, 0x01, 0x02, 0x02, 0x03, 0x03, 0x03, 0x03, 0x03, 0x03, 0x03, 0x03,
  0x02, 0x02, 0x01, 0x01, 0x00, 0x00, 0xff, 0xff, 0xff, 0xff, 0xff, 0xff,
  0xff, 0xff, 0xff, 0xff, 0xff, 0xff, 0xff, 0xff, 0xfe, 0xfe, 0xfe, 0xfe,
  0xfe, 0xfe, 0xfe, 0xff, 0xff, 0xff, 0xff, 0xff, 0xff, 0x00, 0x00, 0xff,
  0xff, 0xff, 0xff, 0xff, 0xff, 0xff, 0xff, 0xff, 0xff, 0xff, 0xff, 0xff,
  0xff, 0x00, 0x00, 0x00, 0x00, 0x01, 0x01, 0x01, 0x01, 0x01, 0x01, 0x01,
  0x01, 0x00, 0x00, 0x00, 0x00, 0x00, 0xff, 0xff, 0xff, 0xff, 0xff, 0xfe,
  0xfe, 0xfe, 0xfe, 0xfe, 0xfe, 0xfe, 0xfe, 0xfe, 0xfe, 0xff, 0xff, 0x00,
  0x00, 0x01, 0x01, 0x01, 0x01, 0x01, 0x01, 0x01, 0x01, 0x00, 0x00, 0xff,
  0xff, 0xff, 0xff, 0xfe, 0xfe, 0xfe, 0xff, 0xff, 0xff, 0xff, 0xff, 0xff,
  0xff, 0xff, 0xff, 0xff, 0xff, 0x00, 0x00, 0x00, 0x00, 0x01, 0x01, 0x02,
  0x02, 0x02, 0x02, 0x02, 0x02, 0x02, 0x02, 0x01, 0x01, 0x00, 0x00, 0xff,
  0xff, 0xff, 0xfe, 0xfe, 0xfd, 0xfd, 0xfd, 0xfd, 0xfd, 0xfd, 0xfd, 0xfd,
  0xfd, 0xfd, 0xfd, 0xfe, 0xfe, 0xfe, 0xff, 0xff, 0x00, 0x00, 0x00, 0x01,
  0x01, 0x01, 0x01, 0x01, 0x01, 0x01, 0x01, 0x01, 0x00, 0x00, 0x00, 0xff,
  0xff, 0xff, 0xff, 0xfe, 0xfe, 0xfe, 0xfe, 0xfe, 0xfe, 0xfe, 0xfe, 0xfe,
  0xfe, 0xff, 0xff, 0xff, 0xff, 0x00, 0x00, 0x01, 0x01, 0x02, 0x03, 0x03,
  0x04, 0x04, 0x05, 0x05, 0x05, 0x04, 0x04, 0x03, 0x02, 0x02, 0x01, 0x00,
  0xff, 0xfe, 0xfe, 0xfd, 0xfd, 0xfc, 0xfc, 0xfc, 0xfc, 0xfb, 0xfb, 0xfb,
  0xfc, 0xfc, 0xfc, 0xfc, 0xfd, 0xfd, 0xfe, 0xfe, 0xff, 0xff, 0x00, 0x00,
  0x01, 0x01, 0x01, 0x01, 0x01, 0x01, 0x01, 0x01, 0x01, 0x01, 0x01, 0x00,
  0x00, 0x00, 0x00, 0xff, 0xff, 0xff, 0xff, 0xff, 0xff, 0xff, 0xff, 0xff,
  0xff, 0xff, 0xff, 0xff, 0xff, 0xff, 0xff, 0x00, 0x00, 0x00, 0x00, 0x00,
  0x01, 0x01, 0x01, 0x01, 0x01, 0x01, 0x01, 0x01, 0x01, 0x01, 0x01, 0x00,
  0x00, 0x00, 0x00, 0x00, 0x01, 0x01, 0x01, 0x01, 0x01, 0x01, 0x01, 0x00,
  0x00, 0x00, 0xff, 0xff, 0xfe, 0xfe, 0xfe, 0xfd, 0xfd, 0xfd, 0xfd, 0xfd,
  0xfd, 0xfd, 0xfd, 0xfd, 0xfd, 0xfd, 0xfd, 0xfd, 0xfd, 0xfd, 0xfd, 0xfd,
  0xfe, 0xfe, 0xfe, 0xff, 0xff, 0x00, 0x00, 0x00, 0x01, 0x01, 0x02, 0x02,
  0x02, 0x03, 0x03, 0x03, 0x03, 0x03, 0x03, 0x03, 0x03, 0x03, 0x02, 0x02,
  0x02, 0x01, 0x00, 0x00, 0xff, 0xff, 0xfe, 0xfe, 0xfd, 0xfd, 0xfd, 0xfd,
  0xfd, 0xfd, 0xfd, 0xfe, 0xfe, 0xfe, 0xff, 0x00, 0x00, 0x01, 0x01, 0x01,
  0x01, 0x01, 0x01, 0x01, 0x01, 0x01, 0x01, 0x00, 0x00, 0x00, 0x00, 0xff,
  0xff, 0xff, 0xff, 0xff, 0xfe, 0xfe, 0xfe, 0xfd, 0xfd, 0xfd, 0xfd, 0xfd,
  0xfd, 0xfd, 0xfd, 0xfe, 0xfe, 0xff, 0xff, 0x00, 0x00, 0x01, 0x01, 0x01,
  0x02, 0x02, 0x02, 0x02, 0x02, 0x01, 0x01, 0x01, 0x01, 0x01, 0x00, 0x00,
  0x00, 0x00, 0xff, 0xff, 0xff, 0xfe, 0xfe, 0xfe, 0xfe, 0xfe, 0xfe, 0xfe,
  0xfe, 0xff, 0xff, 0xff, 0xff, 0xff, 0x00, 0x00, 0x00, 0x00, 0x00, 0x00,
  0x00, 0x00, 0x00, 0x00, 0x00, 0x01, 0x01, 0x01, 0x01, 0x01, 0x01, 0x01,
  0x00, 0x00, 0x00, 0x00, 0x00, 0xff, 0xff, 0xff, 0xfe, 0xfe, 0xfe, 0xfe,
  0xfe, 0xfe, 0xfe, 0xfe, 0xff, 0xff, 0x00, 0x00, 0x00, 0x01, 0x01, 0x01,
  0x01, 0x01, 0x01, 0x01, 0x00, 0x00, 0x00, 0xff, 0xff, 0xff, 0xfe, 0xfe,
  0xfe, 0xfe, 0xfe, 0xfe, 0xfe, 0xfe, 0xfe, 0xfe, 0xfe, 0xfe, 0xfe, 0xfe,
  0xfe, 0xff, 0xff, 0xff, 0x00, 0x00, 0x00, 0x00, 0x00, 0x01, 0x01, 0x00,
  0x00, 0x00, 0x00, 0x00, 0x00, 0x00, 0x00, 0x00, 0x01, 0x01, 0x01, 0x01,
  0x01, 0x01, 0x01, 0x01, 0x01, 0x01, 0x01, 0x00, 0x00, 0x00, 0x00, 0x00,
  0x00, 0x00, 0x00, 0x00, 0x00, 0x00, 0x00, 0x00, 0xff, 0xff, 0xff, 0xfe,
  0xfe, 0xfe, 0xfd, 0xfd, 0xfd, 0xfc, 0xfc, 0xfc, 0xfd, 0xfd, 0xfd, 0xfe,
  0xfe, 0xff, 0xff, 0x00, 0x00, 0x01, 0x01, 0x01, 0x01, 0x01, 0x01, 0x01,
  0x01, 0x00, 0x00, 0x00, 0x00, 0x00, 0x00, 0x00, 0x00, 0x00, 0xff, 0xff,
  0xff, 0xfe, 0xfe, 0xfe, 0xfe, 0xfd, 0xfd, 0xfd, 0xfd, 0xfe, 0xfe, 0xfe,
  0xfe, 0xff, 0xff, 0xff, 0x00, 0x00, 0x01, 0x01, 0x02, 0x02, 0x03, 0x03,
  0x04, 0x04, 0x05, 0x05, 0x05, 0x05, 0x05, 0x04, 0x04, 0x03, 0x02, 0x01,
  0x00, 0xff, 0xfe, 0xfe, 0xfd, 0xfc, 0xfc, 0xfb, 0xfb, 0xfb, 0xfb, 0xfb,
  0xfb, 0xfb, 0xfc, 0xfc, 0xfc, 0xfc, 0xfd, 0xfd, 0xfd, 0xfe, 0xfe, 0xfe,
  0xff, 0xff, 0xff, 0x00, 0x00, 0x01, 0x01, 0x01, 0x01, 0x02, 0x02, 0x02,
  0x01, 0x01, 0x01, 0x01, 0x00, 0x00, 0x00, 0x00, 0xff, 0xff, 0xff, 0xff,
  0x00, 0x00, 0x00, 0x00, 0x00, 0x00, 0x00, 0x00, 0x00, 0x00, 0x00, 0x00,
  0x00, 0x00, 0x00, 0x00, 0x00, 0x00, 0x00, 0x00, 0x00, 0x00, 0x00, 0x00,
  0x00, 0x00, 0x00, 0x00, 0x00, 0x00, 0x00, 0x00, 0x00, 0x00, 0x00, 0x00,
  0x00, 0x00, 0xff, 0xff, 0xff, 0xfe, 0xfe, 0xfe, 0xfd, 0xfd, 0xfd, 0xfd,
  0xfd, 0xfd, 0xfd, 0xfe, 0xfe, 0xfe, 0xfe, 0xff, 0xff, 0xff, 0xff, 0xff,
  0xff, 0xff, 0xff, 0xff, 0xff, 0xff, 0xff, 0x00, 0x00, 0x00, 0x00, 0x01,
  0x01, 0x02, 0x02, 0x02, 0x02, 0x02, 0x02, 0x02, 0x02, 0x02, 0x01, 0x01,
  0x00, 0x00, 0xff, 0xff, 0xfe, 0xfe, 0xfe, 0xfe, 0xfd, 0xfd, 0xfd, 0xfd,
  0xfd, 0xfd, 0xfe, 0xfe, 0xfe, 0xfe, 0xff, 0xff, 0x00, 0x00, 0x01, 0x01,
  0x01, 0x02, 0x02, 0x02, 0x02, 0x02, 0x01, 0x01, 0x01, 0x00, 0x00, 0x00,
  0x00, 0x00, 0xff, 0xff, 0xff, 0xff, 0xff, 0xff, 0xfe, 0xfe, 0xfe, 0xfe,
  0xfe, 0xfd, 0xfd, 0xfd, 0xfe, 0xfe, 0xfe, 0xff, 0xff, 0x00, 0x00, 0x01,
  0x01, 0x01, 0x01, 0x01, 0x01, 0x01, 0x01, 0x00, 0x00, 0xff, 0xff, 0xff,
  0xfe, 0xfe, 0xfe, 0xfe, 0xfe, 0xfe, 0xfe, 0xfe, 0xfe, 0xff, 0xff, 0xff,
  0xff, 0xff, 0x00, 0x00, 0x00, 0x00, 0x00, 0x00, 0x00, 0x00, 0x01, 0x01,
  0x01, 0x01, 0x02, 0x02, 0x02, 0x02, 0x02, 0x02, 0x01, 0x01, 0x01, 0x01,
  0x00, 0x00, 0x00, 0xff, 0xff, 0xff, 0xfe, 0xfe, 0xfe, 0xfe, 0xfd, 0xfd,
  0xfd, 0xfd, 0xfd, 0xfd, 0xfe, 0xfe, 0xfe, 0xff, 0x00, 0x00, 0x01, 0x02,
  0x02, 0x02, 0x02, 0x02, 0x02, 0x02, 0x01, 0x01, 0x00, 0x00, 0xff, 0xff,
  0xfe, 0xfe, 0xfe, 0xfe, 0xfe, 0xfe, 0xfe, 0xfe, 0xfe, 0xfe, 0xfe, 0xfe,
  0xfe, 0xfd, 0xfd, 0xfd, 0xfd, 0xfe, 0xfe, 0xfe, 0xfe, 0xfe, 0xff, 0xff,
  0xff, 0x00, 0x00, 0x00, 0x01, 0x01, 0x01, 0x01, 0x02, 0x02, 0x02, 0x02,
  0x02, 0x02, 0x02, 0x02, 0x02, 0x02, 0x02, 0x02, 0x02, 0x02, 0x02, 0x02,
  0x02, 0x02, 0x01, 0x01, 0x01, 0x00, 0x00, 0xff, 0xff, 0xff, 0xfe, 0xfe,
  0xfe, 0xfd, 0xfd, 0xfc, 0xfc, 0xfc, 0xfb, 0xfb, 0xfb, 0xfb, 0xfb, 0xfc,
  0xfc, 0xfd, 0xfe, 0xfe, 0xff, 0x00, 0x00, 0x01, 0x01, 0x01, 0x01, 0x01,
  0x01, 0x01, 0x00, 0x00, 0x00, 0x00, 0x00, 0x00, 0x00, 0x00, 0x00, 0x00,
  0x00, 0x00, 0xff, 0xff, 0xff, 0xff, 0xfe, 0xfe, 0xfe, 0xfe, 0xfe, 0xfe,
  0xfe, 0xfe, 0xfe, 0xff, 0xff, 0x00, 0x01, 0x01, 0x02, 0x03, 0x03, 0x04,
  0x04, 0x05, 0x05, 0x05, 0x05, 0x05, 0x04, 0x04, 0x03, 0x02, 0x02, 0x01,
  0x00, 0xff, 0xfe, 0xfe, 0xfd, 0xfc, 0xfc, 0xfb, 0xfb, 0xfa, 0xfa, 0xfa,
  0xfa, 0xfa, 0xfb, 0xfb, 0xfb, 0xfc, 0xfc, 0xfd, 0xfe, 0xfe, 0xff, 0xff,
  0xff, 0x00, 0x00, 0x00, 0x01, 0x01, 0x01, 0x02, 0x02, 0x02, 0x03, 0x03,
  0x03, 0x03, 0x02, 0x02, 0x02, 0x01, 0x01, 0x00, 0xff, 0xff, 0xff, 0xfe,
  0xfe, 0xfe, 0xff, 0xff, 0xff, 0xff, 0x00, 0x00, 0x00, 0x00, 0x00, 0x00,
  0x00, 0x00, 0x00, 0x00, 0x00, 0xff, 0xff, 0xff, 0xff, 0xff, 0xff, 0xff,
  0xff, 0x00, 0x00, 0x00, 0x00, 0x00, 0x00, 0x00, 0x00, 0x00, 0x00, 0x00,
  0x00, 0x00, 0x00, 0xff, 0xff, 0xff, 0xff, 0xff, 0xff, 0xfe, 0xfe, 0xfe,
  0xfe, 0xfe, 0xfe, 0xfe, 0xfe, 0xfe, 0xfe, 0xfe, 0xff, 0xff, 0xff, 0xff,
  0xff, 0xff, 0xff, 0xff, 0xff, 0xff, 0xff, 0xff, 0xff, 0xff, 0xff, 0xff,
  0x00, 0x00, 0x00, 0x01, 0x01, 0x02, 0x02, 0x02, 0x02, 0x02, 0x02, 0x02,
  0x01, 0x01, 0x00, 0xff, 0xff, 0xff, 0xfe, 0xfe, 0xfe, 0xfe, 0xfe, 0xfe,
  0xfe, 0xff, 0xff, 0xff, 0xff, 0xff, 0xff, 0x00, 0x00, 0x00, 0x00, 0x00,
  0x00, 0x00, 0x00, 0x00, 0x00, 0x00, 0x00, 0x00, 0x00, 0x00, 0x00, 0x00,
  0x00, 0xff, 0xff, 0xff, 0xff, 0xff, 0xff, 0xff, 0xfe, 0xfe, 0xfe, 0xfe,
  0xfe, 0xfe, 0xff, 0xff, 0xff, 0x00, 0x00, 0x00, 0x01, 0x01, 0x01, 0x01,
  0x02, 0x02, 0x02, 0x02, 0x01, 0x01, 0x01, 0x01, 0x00, 0x00, 0xff, 0xfe,
  0xfe, 0xfd, 0xfd, 0xfc, 0xfc, 0xfc, 0xfc, 0xfc, 0xfc, 0xfd, 0xfd, 0xfe,
  0xfe, 0xff, 0xff, 0x00, 0x00, 0x00, 0x00, 0x00, 0x00, 0x00, 0x01, 0x01,
  0x01, 0x01, 0x02, 0x02, 0x02, 0x02, 0x03, 0x03, 0x03, 0x02, 0x02, 0x02,
  0x01, 0x01, 0x00, 0x00, 0xff, 0xff, 0xff, 0xfe, 0xfe, 0xfe, 0xfe, 0xfe,
  0xfe, 0xfe, 0xfe, 0xfe, 0xfe, 0xff, 0xff, 0x00, 0x00, 0x00, 0x01, 0x01,
  0x01, 0x01, 0x01, 0x01, 0x01, 0x01, 0x01, 0x00, 0x00, 0x00, 0xff, 0xff,
  0xfe, 0xfe, 0xfe, 0xfd, 0xfd, 0xfd, 0xfd, 0xfd, 0xfc, 0xfc, 0xfc, 0xfd,
  0xfd, 0xfd, 0xfd, 0xfd, 0xfd, 0xfe, 0xfe, 0xfe, 0xfe, 0xff, 0xff, 0xff,
  0x00, 0x00, 0x00, 0x01, 0x02, 0x02, 0x03, 0x03, 0x03, 0x04, 0x04, 0x04,
  0x03, 0x03, 0x03, 0x03, 0x02, 0x02, 0x02, 0x02, 0x02, 0x01, 0x01, 0x01,
  0x01, 0x01, 0x01, 0x01, 0x01, 0x00, 0x00, 0xff, 0xfe, 0xfe, 0xfd, 0xfd,
  0xfc, 0xfc, 0xfc, 0xfb, 0xfb, 0xfb, 0xfb, 0xfb, 0xfb, 0xfc, 0xfc, 0xfc,
  0xfd, 0xfd, 0xfe, 0xff, 0xff, 0x00, 0x00, 0x01, 0x01, 0x01, 0x02, 0x02,
  0x02, 0x02, 0x02, 0x01, 0x01, 0x01, 0x01, 0x01, 0x00, 0x00, 0x00, 0x00,
  0xff, 0xff, 0xff, 0xff, 0xff, 0xff, 0xfe, 0xfe, 0xfe, 0xfe, 0xfe, 0xfe,
  0xfe, 0xfe, 0xfe, 0xfe, 0xff, 0xff, 0xff, 0x00, 0x01, 0x01, 0x02, 0x03,
  0x03, 0x04, 0x04, 0x04, 0x04, 0x04, 0x04, 0x03, 0x03, 0x02, 0x01, 0x00,
  0x00, 0xff, 0xfe, 0xfe, 0xfd, 0xfd, 0xfd, 0xfd, 0xfc, 0xfc, 0xfc, 0xfc,
  0xfc, 0xfc, 0xfc, 0xfc, 0xfc, 0xfd, 0xfd, 0xfd, 0xfe, 0xfe, 0xff, 0xff,
  0x00, 0x00, 0x00, 0x01, 0x01, 0x01, 0x01, 0x01, 0x01, 0x01, 0x01, 0x01,
  0x01, 0x01, 0x00, 0x00, 0x00, 0xff, 0xff, 0xff, 0xff, 0xfe, 0xfe, 0xfe,
  0xfe, 0xfe, 0xff, 0xff, 0xff, 0x00, 0x00, 0x00, 0x01, 0x01, 0x01, 0x02,
  0x02, 0x02, 0x02, 0x02, 0x01, 0x01, 0x01, 0x01, 0x00, 0x00, 0x00, 0xff,
  0xff, 0xff, 0xff, 0xff, 0xff, 0xff, 0xff, 0xff, 0xff, 0xff, 0xff, 0xff,
  0xff, 0xff, 0xff, 0xfe, 0xfe, 0xfe, 0xfe, 0xfe, 0xfe, 0xfe, 0xfe, 0xff,
  0xff, 0xff, 0xff, 0x00, 0x00, 0x00, 0x00, 0x00, 0x00, 0x00, 0x00, 0x00,
  0x00, 0x00, 0x00, 0x00, 0x00, 0x00, 0x00, 0x00, 0x00, 0x00, 0x00, 0x00,
  0x00, 0x00, 0x00, 0x00, 0x00, 0x00, 0x00, 0x01, 0x01, 0x01, 0x01, 0x00,
  0x00, 0x00, 0x00, 0xff, 0xff, 0xff, 0xfe, 0xfe, 0xfe, 0xfe, 0xfe, 0xfe,
  0xfe, 0xfe, 0xfe, 0xff, 0xff, 0xff, 0xff, 0xff, 0x00, 0x00, 0x00, 0x00,
  0x00, 0x00, 0x00, 0x00, 0x00, 0x00, 0x00, 0x00, 0x00, 0x00, 0x00, 0x00,
  0x00, 0x00, 0x00, 0x00, 0x00, 0x00, 0x00, 0x00, 0x00, 0xff, 0xff, 0xff,
  0xff, 0xff, 0xff, 0xff, 0x00, 0x00, 0x01, 0x01, 0x01, 0x01, 0x02, 0x02,
  0x02, 0x01, 0x01, 0x01, 0x00, 0x00, 0xff, 0xff, 0xfe, 0xfe, 0xfd, 0xfd,
  0xfc, 0xfc, 0xfc, 0xfb, 0xfb, 0xfb, 0xfb, 0xfb, 0xfb, 0xfc, 0xfc, 0xfd,
  0xfd, 0xfe, 0xff, 0xff, 0x00, 0x01, 0x01, 0x02, 0x02, 0x02, 0x03, 0x03,
  0x03, 0x03, 0x04, 0x04, 0x04, 0x04, 0x04, 0x03, 0x03, 0x03, 0x03, 0x02,
  0x02, 0x01, 0x00, 0x00, 0xff, 0xfe, 0xfe, 0xfd, 0xfd, 0xfd, 0xfc, 0xfc,
  0xfc, 0xfc, 0xfc, 0xfd, 0xfd, 0xfe, 0xfe, 0xff, 0xff, 0x00, 0x00, 0x00,
  0x01, 0x01, 0x01, 0x01, 0x01, 0x01, 0x01, 0x01, 0x00, 0x00, 0x00, 0x00,
  0x00, 0xff, 0xff, 0xff, 0xff, 0xfe, 0xfe, 0xfe, 0xfd, 0xfd, 0xfd, 0xfd,
  0xfd, 0xfd, 0xfd, 0xfd, 0xfd, 0xfe, 0xfe, 0xff, 0xff, 0xff, 0x00, 0x00,
  0x00, 0x00, 0x00, 0x01, 0x01, 0x01, 0x01, 0x01, 0x02, 0x02, 0x02, 0x02,
  0x02, 0x02, 0x02, 0x01, 0x01, 0x01, 0x01, 0x01, 0x01, 0x01, 0x01, 0x01,
  0x01, 0x01, 0x01, 0x01, 0x01, 0x01, 0x00, 0x00, 0x00, 0xff, 0xff, 0xfe,
  0xfe, 0xfe, 0xfd, 0xfd, 0xfd, 0xfd, 0xfd, 0xfd, 0xfd, 0xfd, 0xfd, 0xfd,
  0xfe, 0xfe, 0xfe, 0xff, 0xff, 0xff, 0x00, 0x00, 0x00, 0x00, 0x00, 0x00,
  0x00, 0x00, 0x00, 0x00, 0x00, 0x00, 0x00, 0x00, 0x00, 0x00, 0x00, 0xff,
  0xff, 0xff, 0xff, 0xff, 0xfe, 0xfe, 0xfe, 0xfe, 0xfe, 0xfe, 0xfe, 0xff,
  0xff, 0xff, 0x00, 0x00, 0x01, 0x01, 0x01, 0x02, 0x02, 0x02, 0x03, 0x03,
  0x03, 0x03, 0x04, 0x04, 0x03, 0x03, 0x03, 0x02, 0x02, 0x01, 0x01, 0x00,
  0xff, 0xfe, 0xfe, 0xfd, 0xfd, 0xfc, 0xfc, 0xfc, 0xfc, 0xfb, 0xfb, 0xfb,
  0xfb, 0xfc, 0xfc, 0xfc, 0xfc, 0xfd, 0xfd, 0xfe, 0xfe, 0xff, 0xff, 0x00,
  0x00, 0x01, 0x01, 0x02, 0x02, 0x02, 0x02, 0x02, 0x02, 0x02, 0x02, 0x01,
  0x01, 0x01, 0x00, 0x00, 0x00, 0xff, 0xff, 0xff, 0xfe, 0xfe, 0xfe, 0xff,
  0xff, 0xff, 0xff, 0x00, 0x00, 0x00, 0x01, 0x01, 0x01, 0x01, 0x01, 0x01,
  0x01, 0x01, 0x01, 0x00, 0x00, 0x00, 0x00, 0x00, 0xff, 0xff, 0xff, 0xfe,
  0xfe, 0xfe, 0xfe, 0xfe, 0xfd, 0xfd, 0xfd, 0xfd, 0xfe, 0xfe, 0xfe, 0xfe,
  0xfe, 0xff, 0xff, 0xff, 0xff, 0x00, 0x00, 0x00, 0x00, 0x01, 0x01, 0x01,
  0x01, 0x02, 0x02, 0x02, 0x02, 0x02, 0x02, 0x01, 0x01, 0x01, 0x01, 0x00,
  0x00, 0x00, 0xff, 0xff, 0xff, 0xff, 0xfe, 0xfe, 0xfe, 0xfe, 0xfe, 0xfe,
  0xfe, 0xfe, 0xfe, 0xfe, 0xfe, 0xff, 0xff, 0xff, 0xff, 0xff, 0xff, 0xff,
  0xff, 0xff, 0xff, 0xff, 0xff, 0xff, 0xff, 0xff, 0xff, 0x00, 0x00, 0x00,
  0x00, 0x00, 0x00, 0x00, 0x00, 0x00, 0x00, 0x00, 0x01, 0x01, 0x01, 0x01,
  0x01, 0x01, 0x01, 0x01, 0x01, 0x01, 0x01, 0x00, 0x00, 0x00, 0xff, 0xff,
  0xff, 0xff, 0xfe, 0xfe, 0xfe, 0xfe, 0xfe, 0xfe, 0xfe, 0xfe, 0xfe, 0xfe,
  0xfe, 0xfe, 0xff, 0xff, 0x00, 0x00, 0x01, 0x01, 0x02, 0x02, 0x02, 0x02,
  0x03, 0x03, 0x02, 0x02, 0x02, 0x01, 0x01, 0x00, 0x00, 0xff, 0xfe, 0xfe,
  0xfd, 0xfd, 0xfd, 0xfc, 0xfc, 0xfc, 0xfc, 0xfc, 0xfc, 0xfc, 0xfc, 0xfd,
  0xfd, 0xfd, 0xfe, 0xfe, 0xff, 0xff, 0x00, 0x00, 0x01, 0x01, 0x01, 0x02,
  0x02, 0x03, 0x03, 0x03, 0x03, 0x03, 0x03, 0x03, 0x03, 0x02, 0x02, 0x01,
  0x00, 0x00, 0xff, 0xff, 0xfe, 0xfe, 0xfe, 0xfe, 0xfe, 0xfe, 0xfe, 0xfe,
  0xfe, 0xfe, 0xff, 0xff, 0xff, 0xff, 0x00, 0x00, 0x01, 0x01, 0x01, 0x01,
  0x02, 0x02, 0x02, 0x02, 0x02, 0x01, 0x01, 0x01, 0x00, 0x00, 0xff, 0xff,
  0xff, 0xfe, 0xfe, 0xfe, 0xfd, 0xfd, 0xfd, 0xfc, 0xfc, 0xfc, 0xfc, 0xfc,
  0xfc, 0xfc, 0xfc, 0xfc, 0xfd, 0xfd, 0xfe, 0xfe, 0xff, 0xff, 0x00, 0x00,
  0x01, 0x01, 0x02, 0x02, 0x02, 0x02, 0x02, 0x02, 0x02, 0x02, 0x02, 0x02,
  0x02, 0x02, 0x02, 0x02, 0x02, 0x02, 0x01, 0x01, 0x01, 0x01, 0x01, 0x01,
  0x01, 0x01, 0x01, 0x00, 0x00, 0x00, 0xff, 0xff, 0xff, 0xfe, 0xfe, 0xfe,
  0xfd, 0xfd, 0xfd, 0xfd, 0xfd, 0xfd, 0xfd, 0xfd, 0xfd, 0xfd, 0xfd, 0xfd,
  0xfd, 0xfe, 0xfe, 0xfe, 0xfe, 0xff, 0xff, 0xff, 0x00, 0x00, 0x00, 0x00,
  0x00, 0x00, 0x01, 0x01, 0x01, 0x01, 0x01, 0x01, 0x01, 0x01, 0x01, 0x01,
  0x01, 0x01, 0x00, 0x00, 0x00, 0xff, 0xff, 0xff, 0xff, 0xff, 0xfe, 0xfe,
  0xff, 0xff, 0xff, 0xff, 0x00, 0x00, 0x00, 0x01, 0x01, 0x01, 0x01, 0x01,
  0x01, 0x01, 0x01, 0x01, 0x01, 0x00, 0x00, 0x00, 0xff, 0xff, 0xff, 0xff,
  0xfe, 0xfe, 0xfe, 0xfe, 0xfe, 0xfe, 0xfe, 0xfe, 0xfe, 0xfe, 0xfe, 0xfe,
  0xfe, 0xfe, 0xff, 0xff, 0xff, 0xff, 0x00, 0x00, 0x01, 0x01, 0x01, 0x01,
  0x02, 0x02, 0x02, 0x02, 0x02, 0x01, 0x01, 0x01, 0x00, 0x00, 0x00, 0xff,
  0xff, 0xfe, 0xfe, 0xfe, 0xfd, 0xfd, 0xfd, 0xfd, 0xfd, 0xfd, 0xfd, 0xfd,
  0xfe, 0xfe, 0xff, 0xff, 0x00, 0x00, 0x01, 0x01, 0x02, 0x02, 0x02, 0x02,
  0x02, 0x02, 0x02, 0x02, 0x02, 0x01, 0x01, 0x01, 0x01, 0x00, 0x00, 0x00,
  0x00, 0xff, 0xff, 0xff, 0xfe, 0xfe, 0xfe, 0xfd, 0xfd, 0xfd, 0xfd, 0xfd,
  0xfd, 0xfd, 0xfd, 0xfe, 0xfe, 0xfe, 0xff, 0xff, 0x00, 0x00, 0x01, 0x01,
  0x01, 0x02, 0x02, 0x02, 0x02, 0x02, 0x02, 0x01, 0x01, 0x01, 0x00, 0x00,
  0x00, 0x00, 0xff, 0xff, 0xff, 0xff, 0xff, 0xff, 0xff, 0xff, 0xff, 0xff,
  0xff, 0xff, 0xff, 0xff, 0xff, 0xff, 0xff, 0xff, 0xff, 0xff, 0xff, 0x00,
  0xff, 0xff, 0xff, 0xff, 0xff, 0xff, 0xff, 0xff, 0xff, 0xff, 0xff, 0x00,
  0x00, 0x00, 0x00, 0x00, 0xff, 0xff, 0xff, 0xff, 0xff, 0xff, 0xff, 0xff,
  0xff, 0xff, 0xff, 0xff, 0xff, 0xff, 0x00, 0x00, 0x00, 0x00, 0x00, 0x00,
  0x00, 0x00, 0x00, 0x00, 0x00, 0x00, 0x00, 0x00, 0x00, 0x00, 0x00, 0x00,
  0x00, 0x01, 0x01, 0x01, 0x01, 0x02, 0x02, 0x02, 0x02, 0x02, 0x02, 0x01,
  0x01, 0x01, 0x00, 0x00, 0x00, 0xff, 0xff, 0xfe, 0xfe, 0xfd, 0xfd, 0xfd,
  0xfc, 0xfc, 0xfc, 0xfc, 0xfc, 0xfc, 0xfc, 0xfc, 0xfc, 0xfc, 0xfc, 0xfd,
  0xfd, 0xfe, 0xfe, 0xff, 0xff, 0x00, 0x00, 0x01, 0x01, 0x02, 0x02, 0x03,
  0x03, 0x03, 0x04, 0x04, 0x04, 0x04, 0x04, 0x03, 0x03, 0x03, 0x02, 0x02,
  0x01, 0x00, 0xff, 0xff, 0xfe, 0xfe, 0xfd, 0xfd, 0xfd, 0xfd, 0xfd, 0xfd,
  0xfe, 0xfe, 0xfe, 0xff, 0xff, 0xff, 0x00, 0x00, 0x00, 0x00, 0x00, 0x01,
  0x01, 0x01, 0x01, 0x01, 0x01, 0x00, 0x00, 0x00, 0x00, 0x00, 0x00, 0xff,
  0xff, 0xff, 0xff, 0xfe, 0xfe, 0xfe, 0xfd, 0xfd, 0xfd, 0xfd, 0xfd, 0xfd,
  0xfd, 0xfd, 0xfd, 0xfe, 0xfe, 0xff, 0xff, 0x00, 0x00, 0x00, 0x01, 0x01,
  0x01, 0x02, 0x02, 0x02, 0x02, 0x02, 0x02, 0x02, 0x02, 0x01, 0x01, 0x01,
  0x00, 0x00, 0x00, 0xff, 0xff, 0xff, 0xff, 0xfe, 0xfe, 0xfe, 0xff, 0xff,
  0xff, 0xff, 0xff, 0xff, 0xff, 0x00, 0x00, 0x00, 0x00, 0x00, 0x00, 0x00,
  0x00, 0x00, 0x00, 0x00, 0x00, 0x00, 0x00, 0x00, 0x00, 0x00, 0x00, 0x00,
  0x00, 0x00, 0xff, 0xff, 0xff, 0xff, 0xfe, 0xfe, 0xfe, 0xfe, 0xfe, 0xfe,
  0xfe, 0xfe, 0xfe, 0xfe, 0xfe, 0xff, 0xff, 0xff, 0xff, 0xff, 0xff, 0xff,
  0xff, 0xff, 0xff, 0xff, 0xff, 0xff, 0xff, 0xff, 0xff, 0xff, 0x00, 0x00,
  0x00, 0x00, 0x00, 0x01, 0x01, 0x01, 0x01, 0x01, 0x02, 0x02, 0x02, 0x02,
  0x02, 0x01, 0x01, 0x01, 0x01, 0x00, 0x00, 0x00, 0xff, 0xff, 0xff, 0xfe,
  0xfe, 0xfe, 0xfe, 0xfd, 0xfd, 0xfe, 0xfe, 0xfe, 0xfe, 0xfe, 0xfe, 0xfe,
  0xff, 0xff, 0xff, 0xff, 0xff, 0xff, 0xff, 0x00, 0x00, 0x00, 0x00, 0x01,
  0x01, 0x01, 0x01, 0x02, 0x02, 0x02, 0x01, 0x01, 0x01, 0x00, 0x00, 0x00,
  0xff, 0xff, 0xfe, 0xfe, 0xfe, 0xfd, 0xfd, 0xfd, 0xfd, 0xfe, 0xfe, 0xfe,
  0xfe, 0xff, 0xff, 0x00, 0x00, 0x00, 0x01, 0x01, 0x01, 0x01, 0x01, 0x01,
  0x02, 0x01, 0x01, 0x01, 0x01, 0x01, 0x01, 0x00, 0x00, 0x00, 0xff, 0xff,
  0xfe, 0xfe, 0xfe, 0xfd, 0xfd, 0xfd, 0xfd, 0xfd, 0xfc, 0xfd, 0xfd, 0xfd,
  0xfd, 0xfd, 0xfe, 0xfe, 0xff, 0xff, 0x00, 0x00, 0x01, 0x02, 0x02, 0x03,
  0x03, 0x03, 0x04, 0x04, 0x04, 0x03, 0x03, 0x03, 0x02, 0x02, 0x01, 0x01,
  0x00, 0xff, 0xff, 0xff, 0xfe, 0xfe, 0xfe, 0xfe, 0xfd, 0xfd, 0xfd, 0xfd,
  0xfd, 0xfd, 0xfd, 0xfd, 0xfd, 0xfd, 0xfe, 0xfe, 0xfe, 0xfe, 0xfe, 0xfe,
  0xff, 0xff, 0xff, 0x00, 0x00, 0x00, 0x00, 0x00, 0x01, 0x01, 0x01, 0x01,
  0x01, 0x01, 0x01, 0x00, 0x00, 0x00, 0x00, 0x00, 0x00, 0x00, 0x00, 0xff,
  0xff, 0xff, 0xff, 0xff, 0xff, 0xff, 0xff, 0x00, 0x00, 0x00, 0x00, 0x00,
  0x00, 0x00, 0x00, 0x00, 0x00, 0x00, 0x00, 0x00, 0x00, 0x00, 0x00, 0x00,
  0x00, 0x00, 0x00, 0x00, 0x00, 0x00, 0x00, 0x00, 0x00, 0x00, 0x00, 0x00,
  0x00, 0x00, 0x00, 0x00, 0xff, 0xff, 0xff, 0xff, 0xfe, 0xfe, 0xfe, 0xfe,
  0xfe, 0xfe, 0xfe, 0xfe, 0xfe, 0xfe, 0xfe, 0xfe, 0xfe, 0xfe, 0xfe, 0xfe,
  0xff, 0xff, 0xff, 0xff, 0xff, 0x00, 0x00, 0x00, 0x00, 0x01, 0x01, 0x01,
  0x01, 0x01, 0x02, 0x02, 0x01, 0x01, 0x01, 0x01, 0x01, 0x00, 0x00, 0xff,
  0xff, 0xff, 0xff, 0xfe, 0xfe, 0xfe, 0xfe, 0xfe, 0xfe, 0xfe, 0xfe, 0xff,
  0xff, 0xff, 0x00, 0x00, 0x01, 0x01, 0x01, 0x01, 0x02, 0x02, 0x02, 0x02,
  0x02, 0x01, 0x01, 0x01, 0x01, 0x00, 0x00, 0x00, 0xff, 0xff, 0xff, 0xff,
  0xfe, 0xfe, 0xfe, 0xfe, 0xfd, 0xfd, 0xfd, 0xfd, 0xfd, 0xfd, 0xfd, 0xfd,
  0xfd, 0xfd, 0xfd, 0xfd, 0xfe, 0xfe, 0xff, 0xff, 0x00, 0x00, 0x01, 0x01,
  0x02, 0x02, 0x02, 0x02, 0x02, 0x02, 0x02, 0x02, 0x02, 0x01, 0x01, 0x01,
  0x00, 0x00, 0x00, 0xff, 0xff, 0xff, 0xff, 0xff, 0xfe, 0xfe, 0xfe, 0xfe,
  0xfe, 0xfe, 0xfe, 0xff, 0xff, 0xff, 0xff, 0xff, 0x00, 0x00, 0x00, 0x00,
  0x00, 0x00, 0x01, 0x01, 0x01, 0x01, 0x01, 0x01, 0x00, 0x00, 0x00, 0x00,
  0x00, 0xff, 0xff, 0xff, 0xff, 0xfe, 0xfe, 0xfe, 0xfe, 0xfe, 0xfe, 0xfe,
  0xfe, 0xfe, 0xfe, 0xfe, 0xfe, 0xff, 0xff, 0xff, 0x00, 0x00, 0x00, 0x00,
  0x00, 0x00, 0x00, 0x00, 0x00, 0x00, 0x00, 0x00, 0x00, 0x00, 0x00, 0x00,
  0x00, 0x00, 0x00, 0x00, 0x00, 0x00, 0x00, 0x00, 0x00, 0x00, 0x00, 0x00,
  0xff, 0xff, 0xff, 0xff, 0xff, 0xfe, 0xfe, 0xfe, 0xfe, 0xfe, 0xfe, 0xfe,
  0xfe, 0xfe, 0xff, 0xff, 0xff, 0xff, 0xff, 0xff, 0xff, 0x00, 0x00, 0x00,
  0x00, 0x00, 0x00, 0x00, 0x01, 0x01, 0x01, 0x01, 0x01, 0x01, 0x01, 0x01,
  0x01, 0x01, 0x01, 0x01, 0x01, 0x00, 0x00, 0x00, 0x00, 0x00, 0xff, 0xff,
  0xff, 0xfe, 0xfe, 0xfe, 0xfe, 0xfd, 0xfd, 0xfd, 0xfd, 0xfd, 0xfe, 0xfe,
  0xfe, 0xfe, 0xff, 0xff, 0xff, 0x00, 0x00, 0x00, 0x01, 0x01, 0x01, 0x01,
  0x01, 0x01, 0x01, 0x01, 0x01, 0x01, 0x01, 0x01, 0x01, 0x00, 0x00, 0x00,
  0x00, 0xff, 0xff, 0xfe, 0xfe, 0xfe, 0xfe, 0xfd, 0xfd, 0xfd, 0xfd, 0xfd,
  0xfe, 0xfe, 0xfe, 0xff, 0xff, 0x00, 0x00, 0x01, 0x01, 0x01, 0x02, 0x02,
  0x02, 0x02, 0x02, 0x02, 0x02, 0x02, 0x01, 0x01, 0x01, 0x01, 0x00, 0x00,
  0xff, 0xff, 0xff, 0xfe, 0xfe, 0xfe, 0xfe, 0xfe, 0xfd, 0xfd, 0xfe, 0xfe,
  0xfe, 0xfe, 0xfe, 0xfe, 0xff, 0xff, 0xff, 0xff, 0xff, 0x00, 0x00, 0x00,
  0x00, 0x00, 0x00, 0x01, 0x01, 0x01, 0x01, 0x01, 0x01, 0x01, 0x01, 0x00,
  0x00, 0x00, 0xff, 0xff, 0xff, 0xff, 0xfe, 0xfe, 0xfe, 0xfe, 0xfe, 0xfe,
  0xfe, 0xfe, 0xfe, 0xfe, 0xff, 0xff, 0xff, 0x00, 0x00, 0x00, 0x00, 0x01,
  0x01, 0x01, 0x01, 0x01, 0x01, 0x01, 0x01, 0x01, 0x01, 0x01, 0x01, 0x01,
  0x01, 0x00, 0x00, 0x00, 0x00, 0x00, 0xff, 0xff, 0xff, 0xff, 0xff, 0xff,
  0xff, 0xfe, 0xfe, 0xfe, 0xfe, 0xfe, 0xff, 0xff, 0xff, 0xff, 0xff, 0xff,
  0xff, 0xff, 0xff, 0xff, 0xff, 0xff, 0xff, 0xff, 0xff, 0xff, 0xff, 0xff,
  0xff, 0xff, 0xff, 0xff, 0xff, 0xff, 0xff, 0x00, 0x00, 0x00, 0x00, 0x00,
  0x00, 0x00, 0x01, 0x01, 0x01, 0x01, 0x00, 0x00, 0x00, 0x00, 0x00, 0xff,
  0xff, 0xff, 0xff, 0xff, 0xff, 0xff, 0xff, 0xff, 0xff, 0xff, 0x00, 0x00,
  0x00, 0x00, 0x00, 0x01, 0x01, 0x01, 0x01, 0x01, 0x01, 0x01, 0x01, 0x01,
  0x01, 0x00, 0x00, 0x00, 0x00, 0x00, 0x00, 0xff, 0xff, 0xff, 0xff, 0xfe,
  0xfe, 0xfe, 0xfe, 0xfd, 0xfd, 0xfd, 0xfd, 0xfd, 0xfd, 0xfd, 0xfd, 0xfe,
  0xfe, 0xfe, 0xff, 0xff, 0xff, 0x00, 0x00, 0x00, 0x01, 0x01, 0x01, 0x02,
  0x02, 0x02, 0x02, 0x02, 0x02, 0x02, 0x02, 0x02, 0x01, 0x01, 0x00, 0x00,
  0xff, 0xff, 0xfe, 0xfe, 0xfe, 0xfe, 0xfd, 0xfd, 0xfd, 0xfd, 0xfd, 0xfd,
  0xfe, 0xfe, 0xfe, 0xfe, 0xfe, 0xff, 0xff, 0xff, 0x00, 0x00, 0x01, 0x01,
  0x01, 0x02, 0x02, 0x02, 0x02, 0x02, 0x02, 0x02, 0x02, 0x01, 0x01, 0x00,
  0x00, 0x00, 0xff, 0xff, 0xfe, 0xfe, 0xfe, 0xfe, 0xfe, 0xfe, 0xfe, 0xfe,
  0xfe, 0xfe, 0xfe, 0xfe, 0xff, 0xff, 0xff, 0xff, 0xff, 0x00, 0x00, 0x00,
  0x00, 0x00, 0x00, 0x00, 0x00, 0x00, 0x00, 0x00, 0x00, 0x00, 0x00, 0x00,
  0x00, 0x00, 0x00, 0xff, 0xff, 0xff, 0xff, 0xff, 0xff, 0xff, 0xff, 0xff,
  0xff, 0xff, 0xff, 0xff, 0xff, 0xff, 0xff, 0xff, 0xff, 0xff, 0xff, 0xff,
  0x00, 0x00, 0x00, 0x00, 0x00, 0x00, 0x00, 0x00, 0x00, 0x00, 0x00, 0x00,
  0x00, 0x00, 0x00, 0x00, 0x00, 0x00, 0x00, 0x00, 0x00, 0x00, 0x00, 0x00,
  0x00, 0x00, 0x00, 0x00, 0x00, 0x00, 0x00, 0xff, 0xff, 0xff, 0xff, 0xff,
  0xff, 0xff, 0xff, 0xff, 0xff, 0xff, 0xff, 0xff, 0xff, 0xff, 0xff, 0xff,
  0xff, 0xff, 0xff, 0xff, 0xff, 0x00, 0x00, 0x00, 0x00, 0x00, 0x00, 0x00,
  0x00, 0x00, 0x00, 0x00, 0x00, 0x00, 0x00, 0x00, 0x00, 0x00, 0xff, 0xff,
  0xff, 0xff, 0xff, 0xff, 0xff, 0xfe, 0xfe, 0xfe, 0xfe, 0xfe, 0xfe, 0xfe,
  0xfe, 0xff, 0xff, 0xff, 0x00, 0x00, 0x00, 0x01, 0x01, 0x01, 0x01, 0x02,
  0x02, 0x02, 0x02, 0x01, 0x01, 0x01, 0x01, 0x00, 0x00, 0x00, 0xff, 0xff,
  0xff, 0xff, 0xff, 0xfe, 0xfe, 0xfe, 0xfe, 0xfe, 0xfe, 0xfe, 0xfe, 0xfe,
  0xfe, 0xff, 0xff, 0xff, 0xff, 0xff, 0x00, 0x00, 0x00, 0x00, 0x00, 0x00,
  0x01, 0x01, 0x01, 0x01, 0x00, 0x00, 0x00, 0x00, 0x00, 0x00, 0xff, 0xff,
  0xff, 0xff, 0xfe, 0xfe, 0xfe, 0xfe, 0xfe, 0xfe, 0xfe, 0xfe, 0xfe, 0xfe,
  0xfe, 0xff, 0xff, 0xff, 0xff, 0x00, 0x00, 0x01, 0x01, 0x01, 0x01, 0x02,
  0x02, 0x02, 0x02, 0x02, 0x02, 0x02, 0x02, 0x01, 0x01, 0x01, 0x00, 0x00,
  0x00, 0x00, 0xff, 0xff, 0xff, 0xff, 0xfe, 0xfe, 0xfe, 0xfe, 0xfe, 0xfd,
  0xfd, 0xfd, 0xfd, 0xfd, 0xfe, 0xfe, 0xfe, 0xfe, 0xff, 0xff, 0xff, 0x00,
  0x00, 0x00, 0x01, 0x01, 0x01, 0x01, 0x01, 0x01, 0x01, 0x00, 0x00, 0x00,
  0x00, 0x00, 0x00, 0x00, 0x00, 0x00, 0x00, 0xff, 0xff, 0xff, 0xff, 0xff,
  0xff, 0xff, 0xff, 0xff, 0xff, 0xff, 0xff, 0xff, 0xff, 0xff, 0xff, 0xff,
  0xff, 0xff, 0xff, 0xff, 0xff, 0xff, 0xff, 0xff, 0x00, 0x00, 0x00, 0x00,
  0x00, 0x00, 0x00, 0x01, 0x01, 0x01, 0x01, 0x01, 0x01, 0x01, 0x00, 0x00,
  0x00, 0x00, 0x00, 0x00, 0x00, 0x00, 0x00, 0xff, 0xff, 0xff, 0xff, 0xff,
  0xff, 0xff, 0xff, 0xff, 0xfe, 0xfe, 0xfe, 0xfe, 0xfe, 0xfe, 0xfe, 0xfe,
  0xfe, 0xff, 0xff, 0xff, 0xff, 0x00, 0x00, 0x00, 0x00, 0x00, 0x01, 0x01,
  0x01, 0x01, 0x00, 0x00, 0x00, 0x00, 0x00, 0x00, 0x00, 0x00, 0x00, 0x00,
  0xff, 0xff, 0xff, 0xff, 0xff, 0xff, 0xfe, 0xfe, 0xfe, 0xfe, 0xfe, 0xfe,
  0xfe, 0xfe, 0xff, 0xff, 0xff, 0xff, 0xff, 0x00, 0x00, 0x00, 0x00, 0x01,
  0x01, 0x01, 0x01, 0x01, 0x01, 0x01, 0x01, 0x01, 0x01, 0x01, 0x01, 0x00,
  0x00, 0x00, 0xff, 0xff, 0xff, 0xfe, 0xfe, 0xfe, 0xfe, 0xfe, 0xfe, 0xfe,
  0xfe, 0xfe, 0xfe, 0xfe, 0xff, 0xff, 0xff, 0xff, 0x00, 0x00, 0x00, 0x00,
  0x00, 0x00, 0x00, 0x00, 0x00, 0x00, 0x00, 0x00, 0x00, 0x00, 0x00, 0x00,
  0x00, 0x00, 0x00, 0x00, 0x00, 0xff, 0xff, 0xff, 0xff, 0xff, 0xff, 0xff,
  0xff, 0xff, 0xff, 0xff, 0xff, 0xff, 0xff, 0xff, 0xff, 0xff, 0x00, 0x00,
  0x00, 0x00, 0x00, 0x00, 0x00, 0x00, 0x00, 0x00, 0x00, 0x00, 0x00, 0x00,
  0x00, 0x00, 0xff, 0xff, 0xff, 0xff, 0xff, 0xff, 0xff, 0xff, 0xff, 0xff,
  0xff, 0xff, 0xff, 0x00, 0x00, 0x00, 0x00, 0x00, 0x00, 0x00, 0x00, 0x00,
  0x00, 0x00, 0x00, 0x00, 0x00, 0x00, 0x00, 0x00, 0x00, 0x00, 0x00, 0x00,
  0xff, 0xff, 0xff, 0xff, 0xff, 0xfe, 0xfe, 0xfe, 0xfe, 0xfe, 0xfe, 0xfe,
  0xfe, 0xfe, 0xfe, 0xff, 0xff, 0xff, 0xff, 0x00, 0x00, 0x00, 0x00, 0x00,
  0x00, 0x00, 0x00, 0x00, 0x00, 0x00, 0x00, 0x00, 0x00, 0x00, 0x00, 0x00,
  0x00, 0x00, 0x00, 0x00, 0x00, 0x00, 0x00, 0x00, 0x00, 0x00, 0x00, 0x00,
  0x00, 0x00, 0x00, 0x00, 0x00, 0x00, 0xff, 0xff, 0xff, 0xff, 0xff, 0xff,
  0xff, 0xff, 0xff, 0xff, 0xff, 0xff, 0xff, 0xff, 0xff, 0xff, 0xff, 0xff,
  0xff, 0xff, 0xff, 0xff, 0xff, 0x00, 0x00, 0x00, 0x00, 0x00, 0x00, 0x00,
  0x00, 0x00, 0x00, 0x00, 0x00, 0x00, 0x00, 0x00, 0x00, 0x00, 0x00, 0xff,
  0xff, 0xff, 0xff, 0xfe, 0xfe, 0xfe, 0xfe, 0xfe, 0xfe, 0xfe, 0xfe, 0xfe,
  0xff, 0xff, 0xff, 0xff, 0xff, 0xff, 0x00, 0x00, 0x00, 0x00, 0x00, 0x00,
  0x01, 0x01, 0x01, 0x01, 0x01, 0x01, 0x01, 0x01, 0x01, 0x01, 0x01, 0x00,
  0x00, 0x00, 0x00, 0xff, 0xff, 0xff, 0xff, 0xfe, 0xfe, 0xfe, 0xfe, 0xfe,
  0xfe, 0xfe, 0xfe, 0xfe, 0xfe, 0xff, 0xff, 0xff, 0xff, 0x00, 0x00, 0x00,
  0x01, 0x01, 0x01, 0x01, 0x01, 0x01, 0x01, 0x01, 0x01, 0x01, 0x00, 0x00,
  0x00, 0x00, 0xff, 0xff, 0xff, 0xff, 0xfe, 0xfe, 0xfe, 0xfe, 0xfe, 0xfe,
  0xfe, 0xfe, 0xfe, 0xfe, 0xfe, 0xff, 0xff, 0xff, 0xff, 0xff, 0xff, 0xff,
  0xff, 0x00, 0x00, 0x00, 0x00, 0x00, 0x01, 0x01, 0x01, 0x01, 0x01, 0x01,
  0x01, 0x01, 0x00, 0x00, 0x00, 0x00, 0x00, 0x00, 0x00, 0x00, 0x00, 0x00,
  0x00, 0xff, 0xff, 0xff, 0xff, 0xff, 0xff, 0xff, 0xff, 0xff, 0xff, 0xff,
  0xff, 0xff, 0xff, 0xff, 0xff, 0xff, 0xff, 0xff, 0xff, 0xff, 0xff, 0xff,
  0xff, 0xff, 0xff, 0xff, 0xff, 0xff, 0x00, 0x00, 0x00, 0x00, 0x00, 0x00,
  0x00, 0x00, 0x00, 0x00, 0x00, 0x00, 0x00, 0x00, 0x00, 0x00, 0x00, 0x00,
  0x00, 0x00, 0x00, 0x00, 0x00, 0x00, 0xff, 0xff, 0xff, 0xff, 0xff, 0xff,
  0xff, 0xfe, 0xfe, 0xfe, 0xfe, 0xfe, 0xff, 0xff, 0xff, 0xff, 0xff, 0x00,
  0x00, 0x00, 0x00, 0x00, 0x01, 0x01, 0x01, 0x01, 0x01, 0x01, 0x01, 0x00,
  0x00, 0x00, 0x00, 0x00, 0x00, 0x00, 0x00, 0xff, 0xff, 0xff, 0xff, 0xff,
  0xff, 0xff, 0xff, 0xff, 0xff, 0xff, 0xff, 0xff, 0xff, 0xff, 0xff, 0xff,
  0xff, 0xff, 0xff, 0xff, 0xff, 0xff, 0xff, 0xff, 0xff, 0xff, 0xff, 0xff,
  0xff, 0xff, 0xff, 0xff, 0xff, 0xff, 0xff, 0xff, 0xff, 0xff, 0xff, 0xff,
  0xff, 0xff, 0xff, 0xff, 0xff, 0xff, 0xff, 0x00, 0x00, 0x00, 0x00, 0x00,
  0x00, 0x01, 0x01, 0x01, 0x01, 0x00, 0x00, 0x00, 0x00, 0x00, 0x00, 0x00,
  0x00, 0x00, 0xff, 0xff, 0xff, 0xff, 0xff, 0xff, 0xff, 0xff, 0xff, 0xff,
  0xff, 0xff, 0xff, 0xff, 0xff, 0xff, 0xff, 0xff, 0xff, 0xff, 0x00, 0x00,
  0x00, 0x00, 0x00, 0x00, 0x00, 0x00, 0x00, 0x00, 0x00, 0x00, 0x00, 0x00,
  0x00, 0x00, 0xff, 0xff, 0xff, 0xff, 0xff, 0xfe, 0xfe, 0xfe, 0xfe, 0xfe,
  0xfe, 0xfe, 0xfe, 0xff, 0xff, 0xff, 0xff, 0xff, 0x00, 0x00, 0x00, 0x00,
  0x00, 0x00, 0x00, 0x00, 0x00, 0x00, 0x00, 0x00, 0x00, 0x00, 0x00, 0x00,
  0x00, 0x00, 0x00, 0x00, 0x00, 0xff, 0xff, 0xff, 0xff, 0xff, 0xff, 0xff,
  0xff, 0xff, 0xff, 0xff, 0xff, 0xff, 0xff, 0xff, 0xff, 0xff, 0xff, 0x00,
  0x00, 0x00, 0x00, 0x00, 0x00, 0x00, 0x00, 0x00, 0x00, 0x00, 0x00, 0x00,
  0x00, 0x00, 0x00, 0x00, 0x00, 0x00, 0x00, 0x00, 0x00, 0x00, 0x00, 0xff,
  0xff, 0xff, 0xff, 0xff, 0xff, 0xff, 0xff, 0xff, 0xff, 0xff, 0xff, 0xff,
  0xff, 0xff, 0xff, 0xff, 0xff, 0xff, 0xff, 0xff, 0xff, 0xff, 0xff, 0xff,
  0xff, 0xff, 0xff, 0xff, 0x00, 0x00, 0x00, 0x00, 0x00, 0x00, 0x00, 0x00,
  0x00, 0x00, 0x00, 0x00, 0x00, 0x00, 0x01, 0x01, 0x01, 0x01, 0x01, 0x01,
  0x00, 0x00, 0x00, 0x00, 0x00, 0xff, 0xff, 0xff, 0xff, 0xfe, 0xfe, 0xfe,
  0xfe, 0xfe, 0xfe, 0xfe, 0xfe, 0xff, 0xff, 0xff, 0xff, 0xff, 0x00, 0x00,
  0x00, 0x00, 0x00, 0x00, 0x01, 0x01, 0x01, 0x01, 0x01, 0x01, 0x00, 0x00,
  0x00, 0x00, 0x00, 0x00, 0xff, 0xff, 0xff, 0xff, 0xff, 0xff, 0xff, 0xff,
  0xff, 0xfe, 0xfe, 0xfe, 0xfe, 0xfe, 0xfe, 0xfe, 0xff, 0xff, 0xff, 0xff,
  0xff, 0xff, 0xff, 0x00, 0x00, 0x00, 0x00, 0x00, 0x00, 0x01, 0x01, 0x01,
  0x00, 0x00, 0x00, 0x00, 0x00, 0x00, 0x00, 0x00, 0xff, 0xff, 0xff, 0xff,
  0xff, 0xff, 0xff, 0xff, 0xff, 0xff, 0xff, 0xff, 0x00, 0x00, 0x00, 0x00,
  0x00, 0x00, 0x00, 0x00, 0x00, 0x00, 0x00, 0x00, 0x00, 0x00, 0x00, 0x00,
  0x00, 0x00, 0x00, 0x00, 0x00, 0x00, 0xff, 0xff, 0xff, 0xff, 0xff, 0xff,
  0xff, 0xff, 0xff, 0xff, 0xff, 0xff, 0xff, 0xff, 0xff, 0xff, 0xff, 0xff,
  0xff, 0xff, 0x00, 0x00, 0x00, 0x00, 0x00, 0x00, 0x00, 0x00, 0x00, 0x00,
  0x00, 0xff, 0xff, 0xff, 0xff, 0xff, 0xff, 0xff, 0xff, 0xff, 0x00, 0x00,
  0x00, 0x00, 0x00, 0x00, 0x00, 0x00, 0x00, 0x00, 0x00, 0x00, 0x00, 0x00,
  0x00, 0x00, 0x00, 0x00, 0x00, 0x00, 0x00, 0x00, 0x00, 0x00, 0x00, 0x00,
  0x00, 0xff, 0xff, 0xff, 0xff, 0xff, 0xff, 0xff, 0xff, 0xff, 0xff, 0xff,
  0xff, 0xff, 0xff, 0xff, 0xff, 0xff, 0xff, 0xff, 0xff, 0xff, 0xff, 0xff,
  0x00, 0x00, 0x00, 0xff, 0xff, 0xff, 0xff, 0xff, 0xff, 0xff, 0xff, 0xff,
  0xff, 0xff, 0xff, 0xff, 0xff, 0x00, 0x00, 0x00, 0x00, 0x00, 0x00, 0x00,
  0x00, 0x00, 0x00, 0x00, 0x00, 0x00, 0x00, 0x00, 0x00, 0x00, 0xff, 0xff,
  0xff, 0xff, 0xff, 0xff, 0xff, 0xff, 0xff, 0xff, 0xff, 0xff, 0xff, 0xff,
  0xff, 0xff, 0xff, 0xff, 0xff, 0xff, 0xff, 0xff, 0xff, 0x00, 0x00, 0x00,
  0x00, 0x00, 0x01, 0x01, 0x01, 0x01, 0x01, 0x01, 0x01, 0x01, 0x01, 0x00,
  0x00, 0x00, 0x00, 0xff, 0xff, 0xff, 0xff, 0xfe, 0xfe, 0xfe, 0xfe, 0xfe,
  0xfe, 0xfe, 0xfe, 0xfe, 0xfe, 0xff, 0xff, 0xff, 0xff, 0xff, 0xff, 0x00,
  0x00, 0x00, 0x00, 0x00, 0x00, 0x00, 0x00, 0x01, 0x01, 0x01, 0x01, 0x00,
  0x00, 0x00, 0x00, 0x00, 0x00, 0x00, 0x00, 0x00, 0x00, 0xff, 0xff, 0xff,
  0xff, 0xfe, 0xfe, 0xfe, 0xfe, 0xfe, 0xfe, 0xfe, 0xff, 0xff, 0xff, 0xff,
  0xff, 0x00, 0x00, 0x00, 0x00, 0x00, 0x00, 0x00, 0x00, 0x00, 0x00, 0x00,
  0x00, 0x00, 0x00, 0x00, 0x00, 0x00, 0x00, 0x00, 0x00, 0x00, 0x00, 0x00,
  0x00, 0x00, 0x00, 0xff, 0xff, 0xff, 0xff, 0xff, 0xff, 0xff, 0xff, 0xff,
  0xff, 0xff, 0xff, 0xff, 0xff, 0xff, 0xff, 0xff, 0xff, 0xff, 0x00, 0x00,
  0x00, 0x00, 0x00, 0x00, 0x00, 0x00, 0x00, 0x00, 0x00, 0x00, 0x00, 0x00,
  0x00, 0x00, 0x00, 0xff, 0xff, 0xff, 0x00, 0x00, 0x00, 0x00, 0x00, 0x00,
  0x00, 0x00, 0xff, 0xff, 0xff, 0xff, 0xff, 0xff, 0xff, 0xff, 0xff, 0xff,
  0xff, 0xff, 0xff, 0xff, 0x00, 0x00, 0x00, 0x00, 0x00, 0x01, 0x01, 0x01,
  0x01, 0x01, 0x01, 0x01, 0x01, 0x01, 0x00, 0x00, 0x00, 0x00, 0x00, 0x00,
  0x00, 0xff, 0xff, 0xff, 0xff, 0xff, 0xff, 0xff, 0xff, 0xff, 0xfe, 0xfe,
  0xfe, 0xfe, 0xfe, 0xfe, 0xfe, 0xfe, 0xfe, 0xfe, 0xff, 0xff, 0xff, 0xff,
  0xff, 0xff, 0x00, 0x00, 0x00, 0x00, 0x00, 0x00, 0x00, 0x00, 0x00, 0x00,
  0x00, 0x00, 0x00, 0x00, 0x00, 0x00, 0xff, 0xff, 0xff, 0xff, 0xff, 0xff,
  0xff, 0xff, 0xff, 0x00, 0x00, 0x00, 0x00, 0x00, 0x00, 0x00, 0x00, 0x00,
  0x00, 0x00, 0x00, 0x00, 0x00, 0x00, 0x00, 0x00, 0x00, 0x00, 0x00, 0x00,
  0x00, 0x00, 0x00, 0x00, 0x00, 0x00, 0xff, 0xff, 0xff, 0xff, 0xff, 0xff,
  0xfe, 0xfe, 0xfe, 0xfe, 0xfe, 0xfe, 0xfe, 0xfe, 0xff, 0xff, 0xff, 0xff,
  0xff, 0x00, 0x00, 0x00, 0x00, 0x00, 0x00, 0x00, 0x00, 0x00, 0x00, 0x00,
  0x00, 0x00, 0x00, 0x00, 0x00, 0x00, 0xff, 0xff, 0xff, 0xff, 0xff, 0xff,
  0x00, 0x00, 0x00, 0xff, 0xff, 0xff, 0xff, 0xff, 0xff, 0xff, 0xff, 0xff,
  0xff, 0xff, 0xff, 0xff, 0xff, 0x00, 0x00, 0x00, 0x00, 0x00, 0x00, 0x00,
  0x00, 0x00, 0x00, 0x00, 0x00, 0x00, 0x00, 0x00, 0x00, 0xff, 0xff, 0xff,
  0xff, 0xff, 0xff, 0xff, 0xff, 0xff, 0xff, 0xff, 0xff, 0xff, 0xff, 0xff,
  0xff, 0xff, 0xff, 0xff, 0xff, 0xff, 0xff, 0xff, 0xff, 0xff, 0xff, 0xff,
  0xff, 0x00, 0x00, 0x00, 0x00, 0x00, 0x00, 0x00, 0x00, 0x01, 0x01, 0x01,
  0x00, 0x00, 0x00, 0x00, 0x00, 0x00, 0x00, 0xff, 0xff, 0xff, 0xff, 0xff,
  0xff, 0xff, 0xff, 0xff, 0xff, 0xff, 0xff, 0xff, 0xff, 0xff, 0xff, 0x00,
  0x00, 0x00, 0x00, 0x00, 0x00, 0x00, 0x00, 0x00, 0x00, 0x00, 0x00, 0x00,
  0x00, 0x00, 0x00, 0x00, 0x00, 0x00, 0x00, 0x00, 0x00, 0x00, 0x00, 0x00,
  0xff, 0xff, 0xff, 0xff, 0xfe, 0xfe, 0xfe, 0xfe, 0xfe, 0xfe, 0xfe, 0xfe,
  0xfe, 0xff, 0xff, 0xff, 0xff, 0xff, 0x00, 0x00, 0x00, 0x00, 0x00, 0x00,
  0x00, 0x00, 0x00, 0x01, 0x01, 0x01, 0x00, 0x00, 0x00, 0x00, 0x00, 0x00,
  0x00, 0x00, 0x00, 0x00, 0x00, 0xff, 0xff, 0xff, 0xff, 0xff, 0xff, 0xfe,
  0xfe, 0xfe, 0xfe, 0xfe, 0xfe, 0xfe, 0xfe, 0xfe, 0xff, 0xff, 0xff, 0xff,
  0x00, 0x00, 0x00, 0x00, 0x00, 0x00, 0x01, 0x01, 0x01, 0x01, 0x01, 0x00,
  0x00, 0x00, 0x00, 0x00, 0x00, 0x00, 0x00, 0x00, 0x00, 0x00, 0x00, 0x00,
  0x00, 0x00, 0x00, 0x00, 0xff, 0xff, 0xff, 0xff, 0xff, 0xff, 0xfe, 0xfe,
  0xfe, 0xfe, 0xfe, 0xfe, 0xff, 0xff, 0xff, 0xff, 0xff, 0x00, 0x00, 0x00,
  0x00, 0x00, 0x00, 0x00, 0x00, 0x00, 0x00, 0x00, 0x00, 0xff, 0xff, 0xff,
  0xff, 0xff, 0xff, 0xff, 0xff, 0xff, 0xff, 0xff, 0xff, 0xff, 0xff, 0xff,
  0xff, 0xff, 0xff, 0x00, 0x00, 0x00, 0x00, 0x00, 0x00, 0x00, 0x00, 0x00,
  0x00, 0x00, 0x00, 0x00, 0x00, 0x00, 0x01, 0x01, 0x01, 0x01, 0x01, 0x01,
  0x01, 0x01, 0x01, 0x00, 0x00, 0x00, 0x00, 0xff, 0xff, 0xff, 0xff, 0xfe,
  0xfe, 0xfe, 0xfe, 0xfe, 0xfe, 0xfe, 0xfe, 0xfe, 0xfe, 0xff, 0xff, 0xff,
  0xff, 0xff, 0xff, 0xff, 0xff, 0xff, 0xff, 0x00, 0x00, 0x00, 0x00, 0x00,
  0x00, 0x00, 0x00, 0x00, 0x00, 0x00, 0x00, 0x00, 0x00, 0x00, 0x00, 0x00,
  0x00, 0xff, 0xff, 0xff, 0xff, 0xff, 0xff, 0xff, 0xff, 0xff, 0xff, 0xff,
  0xff, 0xff, 0xff, 0x00, 0x00, 0x00, 0x00, 0x00, 0x00, 0x01, 0x01, 0x01,
  0x00, 0x00, 0x00, 0x00, 0x00, 0x00, 0x00, 0x00, 0x00, 0x00, 0x00, 0x00,
  0x00, 0x00, 0x00, 0x00, 0x00, 0x00, 0xff, 0xff, 0xff, 0xff, 0xff, 0xff,
  0xff, 0xfe, 0xfe, 0xfe, 0xfe, 0xfe, 0xff, 0xff, 0xff, 0xff, 0xff, 0xff,
  0x00, 0x00, 0x00, 0x00, 0x00, 0x00, 0x00, 0x00, 0x00, 0x00, 0x00, 0x00,
  0x00, 0x00, 0xff, 0xff, 0xff, 0xff, 0xff, 0xff, 0xff, 0xff, 0xff, 0xff,
  0xff, 0xff, 0xff, 0xff, 0xff, 0x00, 0x00, 0x00, 0x00, 0xff, 0xff, 0xff,
  0xff, 0xff, 0x00, 0x00, 0x00, 0x00, 0x00, 0x00, 0x00, 0x00, 0x00, 0x00,
  0x00, 0x00, 0x00, 0x00, 0x00, 0x00, 0x00, 0x00, 0x00, 0x00, 0xff, 0xff,
  0xff, 0xff, 0xff, 0xff, 0xff, 0xff, 0xff, 0xff, 0xff, 0xff, 0xff, 0xff,
  0xff, 0xff, 0xff, 0xff, 0xff, 0xff, 0xff, 0xff, 0xff, 0xff, 0xff, 0xff,
  0x00, 0x00, 0x00, 0x00, 0x01, 0x01, 0x01, 0x01, 0x01, 0x01, 0x01, 0x01,
  0x01, 0x01, 0x01, 0x00, 0x00, 0x00, 0x00, 0xff, 0xff, 0xff, 0xff, 0xfe,
  0xfe, 0xfe, 0xfe, 0xfe, 0xfe, 0xfe, 0xfe, 0xfe, 0xfe, 0xff, 0xff, 0xff,
  0xff, 0xff, 0xff, 0x00, 0x00, 0x00, 0x00, 0x00, 0x00, 0x00, 0x00, 0x00,
  0x00, 0x00, 0x00, 0x00, 0x00, 0x00, 0x00, 0x00, 0x00, 0x00, 0x00, 0x00,
  0x00, 0xff, 0xff, 0xff, 0xff, 0xff, 0xfe, 0xfe, 0xfe, 0xfe, 0xff, 0xff,
  0xff, 0xff, 0xff, 0x00, 0x00, 0x00, 0x00, 0x00, 0x00, 0x00, 0x00, 0x00,
  0x00, 0x00, 0x00, 0x00, 0x00, 0x00, 0x00, 0x00, 0xff, 0xff, 0xff, 0xff,
  0xff, 0xff, 0xff, 0xff, 0xff, 0xff, 0xfe, 0xfe, 0xfe, 0xfe, 0xfe, 0xff,
  0xff, 0xff, 0xff, 0xff, 0xff, 0xff, 0xff, 0x00, 0x00, 0x00, 0x00, 0x00,
  0x00, 0x00, 0x01, 0x01, 0x01, 0x01, 0x01, 0x01, 0x01, 0x00, 0x00, 0x00,
  0x00, 0x00, 0x00, 0x00, 0x00, 0xff, 0xff, 0xff, 0xff, 0xff, 0xff, 0xff,
  0xff, 0xff, 0xff, 0xff, 0xff, 0xff, 0xff, 0xff, 0xff, 0xff, 0xff, 0xff,
  0xff, 0xff, 0xff, 0xff, 0xff, 0xff, 0xff, 0xff, 0x00, 0x00, 0x00, 0x00,
  0x00, 0x00, 0x00, 0x00, 0x00, 0x00, 0x00, 0x00, 0x00, 0x00, 0x00, 0x00,
  0x00, 0xff, 0xff, 0xff, 0xff, 0xff, 0xff, 0xff, 0xff, 0xff, 0xff, 0xff,
  0xff, 0xff, 0xff, 0xff, 0xff, 0xff, 0xff, 0xff, 0xff, 0xff, 0xff, 0x00,
  0x00, 0x00, 0x00, 0x00, 0x00, 0x00, 0x00, 0x01, 0x01, 0x01, 0x01, 0x01,
  0x01, 0x01, 0x01, 0x00, 0x00, 0x00, 0x00, 0x00, 0xff, 0xff, 0xff, 0xff,
  0xfe, 0xfe, 0xfe, 0xfe, 0xfe, 0xfe, 0xfe, 0xff, 0xff, 0xff, 0xff, 0xff,
  0xff, 0xff, 0x00, 0x00, 0x00, 0x00, 0x00, 0x00, 0x00, 0x00, 0x00, 0x00,
  0x00, 0x00, 0x00, 0x00, 0x00, 0x00, 0x00, 0xff, 0xff, 0xff, 0xff, 0xff,
  0xfe, 0xfe, 0xfe, 0xfe, 0xfe, 0xfe, 0xfe, 0xfe, 0xff, 0xff, 0xff, 0xff,
  0x00, 0x00, 0x00, 0x00, 0x01, 0x01, 0x01, 0x01, 0x01, 0x01, 0x01, 0x01,
  0x01, 0x01, 0x01, 0x01, 0x01, 0x00, 0x00, 0x00, 0x00, 0xff, 0xff, 0xff,
  0xff, 0xff, 0xfe, 0xfe, 0xfe, 0xfe, 0xfe, 0xfe, 0xfe, 0xfe, 0xfe, 0xfe,
  0xfe, 0xfe, 0xfe, 0xfe, 0xfe, 0xff, 0xff, 0xff, 0xff, 0xff, 0x00, 0x00,
  0x00, 0x00, 0x01, 0x01, 0x01, 0x01, 0x01, 0x01, 0x01, 0x00, 0x00, 0x00,
  0x00, 0x00, 0x00, 0x00, 0xff, 0xff, 0xff, 0xff, 0xff, 0xff, 0xff, 0xff,
  0xff, 0xff, 0xff, 0xff, 0xff, 0xff, 0xff, 0xff, 0xff, 0xff, 0xff, 0xff,
  0xff, 0xff, 0xff, 0xff, 0xff, 0x00, 0x00, 0x00, 0x00, 0x00, 0x00, 0x00,
  0x00, 0x00, 0x00, 0x00, 0x00, 0x00, 0x00, 0x00, 0x00, 0x00, 0x00, 0x00,
  0x00, 0xff, 0xff, 0xff, 0xff, 0xff, 0xff, 0xff, 0xff, 0xff, 0xff, 0xff,
  0xff, 0xff, 0xff, 0xff, 0xff, 0xff, 0xff, 0xff, 0xff, 0xff, 0x00, 0x00,
  0x00, 0x00, 0x00, 0x00, 0x00, 0x00, 0x00, 0x01, 0x01, 0x01, 0x01, 0x00,
  0x00, 0x00, 0x00, 0x00, 0xff, 0xff, 0xff, 0xff, 0xfe, 0xfe, 0xfe, 0xfe,
  0xfe, 0xfe, 0xfe, 0xfe, 0xfe, 0xfe, 0xff, 0xff, 0xff, 0xff, 0xff, 0xff,
  0x00, 0x00, 0x00, 0x00, 0x00, 0x00, 0x01, 0x01, 0x01, 0x01, 0x01, 0x01,
  0x01, 0x01, 0x01, 0x01, 0x00, 0x00, 0x00, 0x00, 0xff, 0xff, 0xff, 0xff,
  0xff, 0xfe, 0xfe, 0xfe, 0xfe, 0xfe, 0xfe, 0xfe, 0xfe, 0xfe, 0xfe, 0xff,
  0xff, 0xff, 0xff, 0x00, 0x00, 0x00, 0x00, 0x01, 0x01, 0x01, 0x01, 0x01,
  0x01, 0x01, 0x01, 0x01, 0x00, 0x00, 0x00, 0x00, 0x00, 0xff, 0xff, 0xff,
  0xff, 0xff, 0xff, 0xff, 0xfe, 0xfe, 0xfe, 0xfe, 0xfe, 0xfe, 0xfe, 0xfe,
  0xfe, 0xff, 0xff, 0xff, 0xff, 0xff, 0x00, 0x00, 0x00, 0x00, 0x00, 0x01,
  0x01, 0x01, 0x01, 0x00, 0x00, 0x00, 0x00, 0x00, 0x00, 0x00, 0xff, 0xff,
  0xff, 0xff, 0xff, 0xff, 0xff, 0xff, 0xff, 0xff, 0xff, 0xff, 0xff, 0xff,
  0xff, 0xff, 0x00, 0x00, 0x00, 0x00, 0x00, 0x00, 0x00, 0x00, 0x00, 0x00,
  0x00, 0x00, 0x00, 0x00, 0x00, 0x00, 0x00, 0x00, 0x00, 0xff, 0xff, 0xff,
  0xff, 0xff, 0xff, 0xff, 0xff, 0xff, 0xff, 0xff, 0xff, 0xff, 0xff, 0xff,
  0xff, 0xff, 0xff, 0xff, 0xff, 0xff, 0xff, 0xff, 0xff, 0xff, 0xff, 0x00,
  0x00, 0x00, 0x00, 0x00, 0x00, 0x00, 0x00, 0x00, 0x00, 0x00, 0x00, 0x00,
  0x01, 0x01, 0x01, 0x01, 0x01, 0x01, 0x01, 0x01, 0x01, 0x01, 0x00, 0x00,
  0x00, 0x00, 0x00, 0xff, 0xff, 0xff, 0xff, 0xff, 0xff, 0xff, 0xfe, 0xfe,
  0xfe, 0xfe, 0xfe, 0xfe, 0xfe, 0xfe, 0xfe, 0xfe, 0xfe, 0xff, 0xff, 0xff,
  0xff, 0xff, 0x00, 0x00, 0x00, 0x00, 0x00, 0x01, 0x01, 0x01, 0x01, 0x01,
  0x01, 0x01, 0x01, 0x00, 0x00, 0x00, 0x00, 0x00, 0xff, 0xff, 0xff, 0xff,
  0xfe, 0xfe, 0xfe, 0xfe, 0xfe, 0xfe, 0xfe, 0xfe, 0xfe, 0xff, 0xff, 0xff,
  0xff, 0x00, 0x00, 0x00, 0x01, 0x01, 0x01, 0x01, 0x01, 0x01, 0x01, 0x01,
  0x01, 0x01, 0x00, 0x00, 0x00, 0x00, 0x00, 0x00, 0xff, 0xff, 0xff, 0xff,
  0xff, 0xfe, 0xfe, 0xfe, 0xfe, 0xfe, 0xfe, 0xfe, 0xfe, 0xfe, 0xfe, 0xfe,
  0xff, 0xff, 0xff, 0x00, 0x00, 0x00, 0x00, 0x01, 0x01, 0x01, 0x01, 0x01,
  0x01, 0x01, 0x01, 0x01, 0x01, 0x01, 0x00, 0x00, 0x00, 0x00, 0xff, 0xff,
  0xff, 0xff, 0xff, 0xfe, 0xfe, 0xfe, 0xfe, 0xfe, 0xfe, 0xfe, 0xfe, 0xff,
  0xff, 0xff, 0xff, 0xff, 0xff, 0xff, 0xff, 0x00, 0x00, 0x00, 0x00, 0x00,
  0x00, 0x00, 0x00, 0x00, 0x01, 0x01, 0x01, 0x01, 0x00, 0x00, 0x00, 0x00,
  0x00, 0x00, 0x00, 0xff, 0xff, 0xff, 0xff, 0xff, 0xff, 0xff, 0xff, 0xff,
  0xff, 0xff, 0xff, 0xff, 0xff, 0xff, 0xff, 0xff, 0xff, 0xff, 0xff, 0xff,
  0xff, 0xff, 0xff, 0xff, 0xff, 0xff, 0xff, 0xff, 0x00, 0x00, 0x00, 0x00,
  0x00, 0x00, 0x00, 0x00, 0x00, 0x00, 0x00, 0x00, 0x00, 0x00, 0x00, 0x00,
  0x00, 0x00, 0x00, 0x00, 0x00, 0x00, 0xff, 0xff, 0xff, 0xff, 0xff, 0xff,
  0xff, 0xff, 0xff, 0xff, 0xff, 0xff, 0xff, 0xff, 0xff, 0xff, 0xff, 0xff,
  0xff, 0xff, 0xff, 0xff, 0x00, 0x00, 0x00, 0x00, 0x00, 0x00, 0x00, 0x00,
  0x00, 0x00, 0x00, 0x00, 0x00, 0x00, 0x00, 0x00, 0xff, 0xff, 0xff, 0xff,
  0xff, 0xff, 0xff, 0xff, 0xff, 0xff, 0xff, 0xff, 0xff, 0xff, 0x00, 0x00,
  0x00, 0x00, 0x00, 0x01, 0x01, 0x01, 0x01, 0x01, 0x01, 0x01, 0x01, 0x00,
  0x00, 0x00, 0x00, 0x00, 0x00, 0x00, 0xff, 0xff, 0xff, 0xff, 0xfe, 0xfe,
  0xfe, 0xfe, 0xfe, 0xfe, 0xfe, 0xfe, 0xfe, 0xfe, 0xfe, 0xfe, 0xfe, 0xfe,
  0xff, 0xff, 0xff, 0x00, 0x00, 0x00, 0x00, 0x01, 0x01, 0x01, 0x01, 0x01,
  0x01, 0x01, 0x01, 0x01, 0x01, 0x01, 0x00, 0x00, 0x00, 0x00, 0xff, 0xff,
  0xff, 0xff, 0xff, 0xff, 0xff, 0xff, 0xff, 0xff, 0xff, 0xff, 0xff, 0xff,
  0xff, 0xff, 0xff, 0xff, 0xff, 0x00, 0x00, 0x00, 0x00, 0x00, 0x00, 0x00,
  0x00, 0x00, 0x00, 0x00, 0x00, 0x00, 0x00, 0x00, 0x00, 0x00, 0xff, 0xff,
  0xff, 0xff, 0xff, 0xff, 0xff, 0xff, 0xff, 0xff, 0xff, 0xff, 0xff, 0xff,
  0xff, 0xff, 0xff, 0x00, 0x00, 0x00, 0x00, 0x00, 0x00, 0x00, 0x00, 0x00,
  0x00, 0x00, 0x00, 0x00, 0x00, 0x00, 0x00, 0x00, 0x00, 0x00, 0x00, 0x00,
  0x00, 0x00, 0x00, 0x00, 0x00, 0x00, 0x00, 0x00, 0x00, 0x00, 0x00, 0xff,
  0xff, 0xff, 0xff, 0xff, 0xff, 0xff, 0xff, 0xff, 0xff, 0xff, 0xff, 0xff,
  0xff, 0xff, 0xff, 0x00, 0x00, 0x00, 0x00, 0x00, 0x00, 0x00, 0x00, 0x00,
  0x00, 0x00, 0x00, 0x00, 0x00, 0x00, 0x00, 0x00, 0x00, 0x00, 0x00, 0x00,
  0x00, 0x00, 0x00, 0x00, 0x00, 0xff, 0xff, 0xff, 0xff, 0xff, 0xfe, 0xfe,
  0xfe, 0xfe, 0xfe, 0xfe, 0xfe, 0xff, 0xff, 0xff, 0xff, 0xff, 0x00, 0x00,
  0x00, 0x00, 0x00, 0x01, 0x01, 0x01, 0x01, 0x01, 0x01, 0x01, 0x01, 0x01,
  0x01, 0x01, 0x00, 0x00, 0x00, 0x00, 0x00, 0xff, 0xff, 0xff, 0xff, 0xff,
  0xff, 0xfe, 0xfe, 0xfe, 0xfe, 0xfe, 0xfe, 0xfe, 0xfe, 0xfe, 0xfe, 0xfe,
  0xff, 0xff, 0xff, 0xff, 0x00, 0x00, 0x00, 0x00, 0x01, 0x01, 0x01, 0x01,
  0x01, 0x01, 0x01, 0x00, 0x00, 0x00, 0x00, 0x00, 0x00, 0xff, 0xff, 0xff,
  0xff, 0xff, 0xff, 0xff, 0xff, 0xff, 0xff, 0xff, 0xff, 0xff, 0xff, 0xff,
  0xff, 0x00, 0x00, 0x00, 0x00, 0x00, 0x00, 0x00, 0x00, 0x00, 0x00, 0x00,
  0x00, 0x00, 0x00, 0x00, 0x00, 0x00, 0x00, 0x00, 0x00, 0xff, 0xff, 0xff,
  0xff, 0xff, 0xff, 0xfe, 0xfe, 0xfe, 0xfe, 0xfe, 0xfe, 0xfe, 0xff, 0xff,
  0xff, 0xff, 0xff, 0x00, 0x00, 0x00, 0x00, 0x00, 0x01, 0x01, 0x01, 0x01,
  0x00, 0x00, 0x00, 0x00, 0x00, 0x00, 0x00, 0x00, 0x00, 0x00, 0x00, 0x00,
  0x00, 0x00, 0x00, 0x00, 0x00, 0x00, 0xff, 0xff, 0xff, 0xff, 0xff, 0xff,
  0xff, 0xff, 0xff, 0xff, 0xff, 0xff, 0xff, 0xff, 0xff, 0xff, 0xff, 0xff,
  0xff, 0xff, 0xff, 0xff, 0xff, 0xff, 0xff, 0xff, 0xff, 0xff, 0xff, 0xff,
  0xff, 0x00, 0x00, 0x00, 0x00, 0x00, 0x00, 0x00, 0x00, 0x00, 0x00, 0x00,
  0x00, 0x00, 0x00, 0x00, 0x00, 0x00, 0x00, 0x00, 0xff, 0xff, 0xff, 0xff,
  0xff, 0xff, 0xff, 0xff, 0xff, 0xff, 0xff, 0xff, 0xff, 0xff, 0xff, 0x00,
  0x00, 0x00, 0x00, 0x00, 0x00, 0x00, 0x00, 0x00, 0x00, 0x00, 0x00, 0x00,
  0x00, 0x00, 0x00, 0x00, 0xff, 0xff, 0xff, 0xff, 0xff, 0xff, 0xff, 0xff,
  0xff, 0xff, 0xff, 0xff, 0xff, 0xff, 0xff, 0xff, 0xff, 0xff, 0xff, 0xff,
  0xff, 0xff, 0x00, 0x00, 0x00, 0x00, 0x00, 0x00, 0x01, 0x01, 0x01, 0x01,
  0x01, 0x01, 0x01, 0x00, 0x00, 0x00, 0x00, 0xff, 0xff, 0xff, 0xff, 0xff,
  0xff, 0xfe, 0xfe, 0xfe, 0xff, 0xff, 0xff, 0xff, 0xff, 0xff, 0xff, 0xff,
  0x00, 0x00, 0x00, 0x00, 0x00, 0x00, 0x00, 0x00, 0x00, 0x00, 0x00, 0x00,
  0x00, 0x00, 0x00, 0x00, 0x00, 0x00, 0x00, 0x00, 0x00, 0xff, 0xff, 0xff,
  0xff, 0xfe, 0xfe, 0xfe, 0xfe, 0xfe, 0xfe, 0xfe, 0xfe, 0xfe, 0xfe, 0xff,
  0xff, 0xff, 0xff, 0x00, 0x00, 0x00, 0x00, 0x00, 0x00, 0x00, 0x00, 0x00,
  0x00, 0x00, 0x00, 0x00, 0x00, 0x00, 0x00, 0x00, 0x00, 0x00, 0x00, 0x00,
  0x00, 0x00, 0x00, 0x00, 0x00, 0x00, 0x00, 0x00, 0xff, 0xff, 0xff, 0xff,
  0xff, 0xff, 0xff, 0xff, 0xff, 0xff, 0xff, 0xff, 0xff, 0xff, 0xff, 0xff,
  0xff, 0xff, 0xff, 0x00, 0x00, 0x00, 0xff, 0xff, 0xff, 0xff, 0xff, 0xff,
  0xff, 0xff, 0xff, 0xff, 0xff, 0xff, 0xff, 0xff, 0xff, 0x00, 0x00, 0x00,
  0x00, 0x00, 0x00, 0x00, 0x00, 0x00, 0x00, 0x00, 0x00, 0x00, 0xff, 0xff,
  0xff, 0xff, 0xff, 0xff, 0xff, 0xff, 0xff, 0x00, 0x00, 0x00, 0x00, 0x00,
  0x00, 0x00, 0x00, 0x00, 0x00, 0x00, 0x00, 0x00, 0x00, 0x00, 0x00, 0x00,
  0x00, 0x00, 0xff, 0xff, 0xff, 0xff, 0xff, 0xff, 0xff, 0xff, 0xff, 0xff,
  0xff, 0xff, 0xff, 0xff, 0xff, 0xff, 0xff, 0xff, 0xff, 0xff, 0xff, 0xff,
  0xff, 0x00, 0x00, 0x00, 0x00, 0x00, 0x00, 0x01, 0x01, 0x01, 0x01, 0x01,
  0x01, 0x01, 0x00, 0x00, 0x00, 0x00, 0x00, 0xff, 0xff, 0xff, 0xff, 0xff,
  0xff, 0xff, 0xfe, 0xff, 0xff, 0xff, 0xff, 0xff, 0xff, 0xff, 0xff, 0xff,
  0xff, 0x00, 0x00, 0x00, 0x00, 0x00, 0x00, 0x00, 0x00, 0x00, 0x00, 0x00,
  0x00, 0x00, 0x00, 0x00, 0x00, 0x00, 0x00, 0x00, 0x00, 0x00, 0xff, 0xff,
  0xff, 0xff, 0xff, 0xff, 0xfe, 0xfe, 0xfe, 0xfe, 0xff, 0xff, 0xff, 0xff,
  0xff, 0xff, 0xff, 0x00, 0x00, 0x00, 0x00, 0x00, 0x00, 0x00, 0x00, 0x00,
  0x00, 0x00, 0x00, 0x00, 0x00, 0x00, 0x00, 0x00, 0x00, 0x00, 0x00, 0xff,
  0xff, 0xff, 0xff, 0xff, 0xff, 0xff, 0xff, 0xff, 0xff, 0xff, 0xff, 0xff,
  0xff, 0xff, 0xff, 0xff, 0xff, 0xff, 0xff, 0xff, 0x00, 0x00, 0x00, 0x00,
  0x00, 0x00, 0x00, 0x00, 0x00, 0x00, 0x00, 0x00, 0x00, 0xff, 0xff, 0xff,
  0xff, 0xff, 0xff, 0xff, 0xff, 0xff, 0xff, 0xff, 0xff, 0xff, 0x00, 0x00,
  0x00, 0x00, 0x00, 0xff, 0xff, 0xff, 0xff, 0xff, 0xff, 0xff, 0xff, 0xff,
  0xff, 0x00, 0x00, 0x00, 0x00, 0x00, 0x00, 0x00, 0x00, 0x00, 0x00, 0x00,
  0x00, 0x00, 0x00, 0x00, 0x00, 0x00, 0x00, 0x00, 0x00, 0x00, 0x00, 0xff,
  0xff, 0xff, 0xff, 0xff, 0xff, 0xff, 0xff, 0xff, 0xff, 0xff, 0xff, 0xff,
  0xff, 0xff, 0xff, 0xff, 0xff, 0xff, 0xff, 0xff, 0xff, 0xff, 0xff, 0xff,
  0xff, 0xff, 0x00, 0x00, 0x00, 0x00, 0x00, 0x00, 0x01, 0x01, 0x01, 0x01,
  0x01, 0x00, 0x00, 0x00, 0x00, 0x00, 0x00, 0x00, 0xff, 0xff, 0xff, 0xff,
  0xff, 0xff, 0xff, 0xff, 0xff, 0xff, 0xff, 0xff, 0xff, 0xff, 0xff, 0xff,
  0xff, 0xff, 0xff, 0xff, 0x00, 0x00, 0x00, 0x00, 0x00, 0x00, 0x00, 0x00,
  0x00, 0x00, 0x00, 0x00, 0x00, 0x00, 0x00, 0x00, 0xff, 0xff, 0xff, 0xff,
  0xff, 0xff, 0xff, 0xff, 0xff, 0xff, 0xff, 0xff, 0xff, 0xff, 0xff, 0xff,
  0xff, 0x00, 0x00, 0x00, 0x00, 0x00, 0x00, 0x00, 0x00, 0x00, 0x00, 0x00,
  0x00, 0x00, 0x00, 0x00, 0x00, 0x00, 0x00, 0x00, 0x00, 0x00, 0x00, 0x00,
  0xff, 0xff, 0xff, 0xff, 0xff, 0xff, 0xff, 0xff, 0xff, 0xff, 0xff, 0xff,
  0xff, 0xff, 0xff, 0xff, 0xff, 0xff, 0xff, 0xff, 0x00, 0x00, 0x00, 0x00,
  0x00, 0x00, 0x00, 0x00, 0x00, 0x00, 0x00, 0x00, 0x00, 0x00, 0x00, 0xff,
  0xff, 0xff, 0xff, 0xff, 0xff, 0xff, 0xff, 0xff, 0xff, 0xff, 0xff, 0xff,
  0xff, 0xff, 0xff, 0xff, 0xff, 0x00, 0x00, 0x00, 0x00, 0x00, 0x00, 0x00,
  0x00, 0x00, 0x00, 0x00, 0x00, 0x00, 0x00, 0x00, 0x00, 0x00, 0x00, 0x00,
  0x00, 0x00, 0x00, 0x00, 0x00, 0x00, 0x00, 0xff, 0xff, 0xff, 0xff, 0xff,
  0xff, 0xff, 0xff, 0xff, 0xff, 0xff, 0xff, 0xff, 0xff, 0xff, 0xff, 0xff,
  0xff, 0xff, 0xff, 0xff, 0xff, 0xff, 0xff, 0xff, 0xff, 0xff, 0xff, 0xff,
  0xff, 0x00, 0x00, 0x00, 0x00, 0x00, 0x00, 0x00, 0x00, 0x00, 0x00, 0x00,
  0x00, 0x00, 0x00, 0x00, 0x00, 0x00, 0xff, 0xff, 0xff, 0xff, 0xff, 0xff,
  0xff, 0xff, 0xff, 0xff, 0xff, 0xff, 0xff, 0xff, 0xff, 0xff, 0x00, 0x00,
  0x00, 0x00, 0x00, 0x00, 0x00, 0x00, 0x00, 0x00, 0x00, 0x00, 0x00, 0x00,
  0x00, 0x00, 0x00, 0x00, 0x00, 0x00, 0x00, 0x00, 0x00, 0xff, 0xff, 0xff,
  0xff, 0xff, 0xff, 0xff, 0xfe, 0xfe, 0xfe, 0xfe, 0xfe, 0xff, 0xff, 0xff,
  0xff, 0xff, 0xff, 0x00, 0x00, 0x00, 0x00, 0x00, 0x00, 0x00, 0x00, 0x00,
  0x00, 0x00, 0x00, 0x00, 0x00, 0x00, 0x00, 0x00, 0x00, 0x00, 0x00, 0x00,
  0x00, 0xff, 0xff, 0xff, 0xff, 0xff, 0xff, 0xff, 0xff, 0xff, 0xff, 0xff,
  0xff, 0xff, 0xff, 0xff, 0xff, 0xff, 0xff, 0x00, 0x00, 0x00, 0x00, 0x00,
  0x00, 0x00, 0x00, 0x00, 0x00, 0x00, 0x00, 0x00, 0x00, 0x00, 0x00, 0xff,
  0xff, 0xff, 0xff, 0xff, 0xff, 0xff, 0xff, 0xff, 0xff, 0xff, 0xff, 0xff,
  0xff, 0xff, 0xff, 0xff, 0x00, 0x00, 0x00, 0x00, 0x00, 0x00, 0x00, 0x00,
  0x00, 0x00, 0x00, 0x00, 0x00, 0x00, 0x00, 0x00, 0x00, 0x00, 0x00, 0x00,
  0x00, 0x00, 0x00, 0xff, 0xff, 0xff, 0xff, 0xff, 0xff, 0xff, 0xff, 0xff,
  0xff, 0xff, 0xff, 0xff, 0xff, 0xff, 0xff, 0xff, 0x00, 0x00, 0x00, 0x00,
  0x00, 0x00, 0x00, 0x00, 0x00, 0x00, 0x00, 0x00, 0x00, 0xff, 0xff, 0xff,
  0xff, 0xff, 0xff, 0x00, 0x00, 0x00, 0x00, 0x00, 0x00, 0x00, 0x00, 0x00,
  0x00, 0x00, 0x00, 0x00, 0x00, 0x00, 0x00, 0xff, 0xff, 0xff, 0xff, 0xff,
  0xff, 0xff, 0xff, 0xff, 0xff, 0xff, 0xff, 0xff, 0xff, 0xff, 0xff, 0xff,
  0xff, 0xff, 0xff, 0xff, 0xff, 0xff, 0xff, 0xff, 0xff, 0x00, 0x00, 0x00,
  0x00, 0x00, 0x00, 0x00, 0x00, 0x00, 0x00, 0x00, 0xff, 0xff, 0xff, 0xff,
  0xff, 0xff, 0xff, 0xff, 0xff, 0xff, 0xff, 0xff, 0xff, 0xff, 0xff, 0xff,
  0x00, 0x00, 0x00, 0x00, 0x00, 0x00, 0x00, 0x00, 0x00, 0x00, 0x00, 0x00,
  0x00, 0x00, 0x00, 0x00, 0x00, 0x00, 0x00, 0x00, 0x00, 0x00, 0x00, 0xff,
  0xff, 0xff, 0xff, 0xff, 0xff, 0xff, 0xff, 0xff, 0xff, 0xff, 0xff, 0xff,
  0xff, 0xff, 0xff, 0xff, 0xff, 0xff, 0xff, 0x00, 0x00, 0x00, 0x00, 0x00,
  0x00, 0x00, 0x00, 0x00, 0x00, 0x00, 0x00, 0x00, 0x00, 0x00, 0xff, 0xff,
  0xff, 0xff, 0xff, 0xff, 0xff, 0xff, 0xff, 0xff, 0xff, 0xff, 0xff, 0xff,
  0xff, 0xff, 0xff, 0xff, 0xff, 0x00, 0x00, 0x00, 0x00, 0x00, 0x00, 0x00,
  0x00, 0x00, 0x00, 0x00, 0x00, 0x00, 0x00, 0x00, 0x00, 0x00, 0x00, 0x00,
  0x00, 0x00, 0xff, 0xff, 0xff, 0xff, 0xff, 0xff, 0xff, 0xff, 0xff, 0xff,
  0xff, 0xff, 0xff, 0xff, 0xff, 0xff, 0xff, 0xff, 0xff, 0x00, 0x00, 0x00,
  0x00, 0x00, 0x00, 0x00, 0x00, 0x00, 0x00, 0x00, 0x00, 0x00, 0x00, 0x00,
  0x00, 0x00, 0x00, 0x00, 0x00, 0x00, 0x00, 0x00, 0x00, 0x00, 0x00, 0x00,
  0xff, 0xff, 0xff, 0xff, 0xff, 0xff, 0xff, 0xff, 0xff, 0xff, 0xff, 0x00,
  0x00, 0x00, 0x00, 0x00, 0x00, 0x00, 0x00, 0x00, 0x00, 0x00, 0x00, 0x00,
  0x00, 0xff, 0xff, 0xff, 0xff, 0xff, 0xff, 0xff, 0xff, 0xff, 0xff, 0xff,
  0xff, 0x00, 0x00, 0x00, 0x00, 0x00, 0x00, 0x00, 0x00, 0x00, 0x00, 0xff,
  0xff, 0xff, 0xff, 0xff, 0xff, 0xff, 0xff, 0xff, 0xff, 0xff, 0xff, 0xff,
  0xff, 0xff, 0x00, 0x00, 0x00, 0x00, 0x00, 0x00, 0x00, 0x00, 0x00, 0x00,
  0x00, 0x00, 0x00, 0x00, 0x00, 0x00, 0x00, 0x00, 0x00, 0x00, 0x00, 0x00,
  0x00, 0xff, 0xff, 0xff, 0xff, 0xff, 0xff, 0xff, 0xff, 0xff, 0xff, 0xff,
  0xff, 0xff, 0xff, 0xff, 0xff, 0xff, 0xff, 0x00, 0x00, 0x00, 0x00, 0x00,
  0x00, 0x00, 0x00, 0x00, 0x00, 0x00, 0x00, 0x00, 0x00, 0x00, 0x00, 0x00,
  0xff, 0xff, 0xff, 0xff, 0xff, 0xff, 0xff, 0xff, 0xff, 0xff, 0xff, 0xff,
  0xff, 0xff, 0xff, 0xff, 0xff, 0xff, 0xff, 0x00, 0x00, 0x00, 0x00, 0x00,
  0x00, 0x00, 0x00, 0x00, 0x00, 0x00, 0x00, 0x00, 0x00, 0x00, 0x00, 0x00,
  0x00, 0x00, 0xff, 0xff, 0xff, 0xff, 0xff, 0xff, 0xff, 0xff, 0xff, 0xff,
  0xff, 0xff, 0xff, 0xff, 0xff, 0xff, 0xff, 0x00, 0x00, 0x00, 0x00, 0x00,
  0x00, 0x00, 0x00, 0x00, 0x00, 0x00, 0x00, 0x00, 0x00, 0x00, 0x00, 0x00,
  0x00, 0x00, 0xff, 0xff, 0xff, 0xff, 0xff, 0xff, 0xff, 0xff, 0xff, 0xff,
  0xff, 0xff, 0xff, 0xff, 0xff, 0xff, 0xff, 0xff, 0x00, 0x00, 0x00, 0x00,
  0x00, 0x00, 0x00, 0x00, 0x00, 0x00, 0x00, 0x00, 0x00, 0x00, 0x00, 0x00,
  0xff, 0xff, 0xff, 0xff, 0xff, 0xff, 0xff, 0xff, 0xff, 0xff, 0xff, 0xff,
  0xff, 0xff, 0xff, 0xff, 0xff, 0xff, 0x00, 0x00, 0x00, 0x00, 0x00, 0xff,
  0xff, 0xff, 0xff, 0xff, 0xff, 0xff, 0xff, 0xff, 0x00, 0x00, 0x00, 0x00,
  0x00, 0x00, 0x00, 0x00, 0x00, 0x00, 0x00, 0x00, 0x00, 0x00, 0x00, 0x00,
  0x00, 0x00, 0x00, 0x00, 0x00, 0x00, 0x00, 0x00, 0x00, 0x00, 0x00, 0x00,
  0x00, 0x00, 0x00, 0xff, 0xff, 0xff, 0xff, 0xff, 0xff, 0xff, 0xff, 0xff,
  0xff, 0xff, 0xff, 0xff, 0xff, 0xff, 0xff, 0xff, 0xff, 0x00, 0x00, 0x00,
  0x00, 0x00, 0x00, 0x00, 0x00, 0x00, 0x00, 0x00, 0x00, 0x00, 0x00, 0x00,
  0xff, 0xff, 0xff, 0xff, 0xff, 0xff, 0xff, 0xff, 0xff, 0xff, 0xff, 0xff,
  0xff, 0xff, 0xff, 0xff, 0xff, 0x00, 0x00, 0x00, 0x00, 0x00, 0x00, 0x00,
  0x00, 0x00, 0x00, 0x00, 0x00, 0x00, 0x00, 0x00, 0x00, 0x00, 0x00, 0x00,
  0x00, 0xff, 0xff, 0xff, 0xff, 0xff, 0xff, 0xff, 0xff, 0xff, 0xff, 0xff,
  0xff, 0xff, 0xff, 0xff, 0xff, 0xff, 0xff, 0xff, 0x00, 0x00, 0x00, 0x00,
  0x00, 0x00, 0x00, 0x00, 0x00, 0x00, 0x00, 0x00, 0x00, 0x00, 0x00, 0x00,
  0x00, 0x00, 0x00, 0x00, 0xff, 0xff, 0xff, 0xff, 0xff, 0xff, 0xff, 0xff,
  0xff, 0xff, 0xff, 0xff, 0xff, 0xff, 0xff, 0xff, 0xff, 0xff, 0x00, 0x00,
  0x00, 0x00, 0x00, 0x00, 0x00, 0x00, 0x00, 0x00, 0x00, 0x00, 0x00, 0x00,
  0x00, 0x00, 0xff, 0xff, 0xff, 0xff, 0xff, 0xff, 0xff, 0xff, 0xff, 0xff,
  0xff, 0xff, 0xff, 0xff, 0xff, 0xff, 0x00, 0x00, 0x00, 0x00, 0x00, 0x00,
  0x00, 0x00, 0x00, 0x00, 0x00, 0x00, 0x00, 0x00, 0x00, 0x00, 0x00, 0x00,
  0x00, 0x00, 0x00, 0x00, 0x00, 0x00, 0x00, 0xff, 0xff, 0xff, 0xff, 0xff,
  0xff, 0xff, 0xff, 0xff, 0xff, 0xff, 0x00, 0x00, 0x00, 0x00, 0x00, 0x00,
  0x00, 0x00, 0x00, 0x00, 0x00, 0xff, 0xff, 0xff, 0xff, 0xff, 0xff, 0xff,
  0xff, 0xff, 0xff, 0xff, 0xff, 0xff, 0xff, 0xff, 0x00, 0x00, 0x00, 0x00,
  0x00, 0x00, 0x00, 0x00, 0x00, 0x00, 0x00, 0x00, 0x00, 0x00, 0x00, 0xff,
  0xff, 0xff, 0xff, 0xff, 0xff, 0xff, 0xff, 0xff, 0xff, 0xff, 0xff, 0xff,
  0xff, 0xff, 0xff, 0xff, 0xff, 0xff, 0xff, 0xff, 0xff, 0x00, 0x00, 0x00,
  0x00, 0x00, 0x00, 0x00, 0x00, 0x00, 0x00, 0x00, 0x00, 0x00, 0x00, 0x00,
  0x00, 0x00, 0xff, 0xff, 0xff, 0xff, 0xff, 0xff, 0xff, 0xff, 0xff, 0xff,
  0xff, 0xff, 0xff, 0xff, 0xff, 0xff, 0xff, 0xff, 0x00, 0x00, 0x00, 0x00,
  0x00, 0x00, 0x00, 0x00, 0x00, 0x00, 0x00, 0x00, 0x00, 0x00, 0x00, 0x00,
  0x00, 0x00, 0x00, 0x00, 0x00, 0x00, 0xff, 0xff, 0xff, 0xff, 0xff, 0xff,
  0xff, 0xff, 0xff, 0xff, 0xff, 0xff, 0xff, 0xff, 0xff, 0xff, 0xff, 0x00,
  0x00, 0x00, 0x00, 0x00, 0x00, 0x00, 0x00, 0x00, 0x00, 0x00, 0x00, 0x00,
  0xff, 0xff, 0xff, 0xff, 0xff, 0xff, 0xff, 0xff, 0xff, 0xff, 0xff, 0xff,
  0xff, 0xff, 0xff, 0xff, 0xff, 0xff, 0xff, 0x00, 0x00, 0x00, 0x00, 0x00,
  0x00, 0x00, 0x00, 0x00, 0x00, 0x00, 0x00, 0x00, 0x00, 0x00, 0x00, 0x00,
  0x00, 0x00, 0x00, 0x00, 0x00, 0x00, 0x00, 0x00, 0xff, 0xff, 0xff, 0xff,
  0xff, 0xff, 0xff, 0xff, 0xff, 0xff, 0xff, 0xff, 0xff, 0x00, 0x00, 0x00,
  0x00, 0x00, 0x00, 0x00, 0x00, 0x00, 0x00, 0xff, 0xff, 0xff, 0xff, 0xff,
  0xff, 0xff, 0xff, 0xff, 0xff, 0xff, 0xff, 0xff, 0xff, 0x00, 0x00, 0x00,
  0x00, 0x00, 0x00, 0x00, 0x00, 0x00, 0x00, 0x00, 0x00, 0x00, 0x00, 0x00,
  0x00, 0xff, 0xff, 0xff, 0xff, 0xff, 0xff, 0xff, 0xff, 0xff, 0xff, 0xff,
  0xff, 0xff, 0xff, 0xff, 0xff, 0xff, 0x00, 0x00, 0x00, 0x00, 0x00, 0x00,
  0x00, 0x00, 0x00, 0x00, 0x00, 0x00, 0x00, 0x00, 0x00, 0x00, 0x00, 0x00,
  0x00, 0x00, 0xff, 0xff, 0xff, 0xff, 0xff, 0xff, 0xff, 0xff, 0xff, 0xff,
  0xff, 0xff, 0xff, 0xff, 0xff, 0xff, 0xff, 0x00, 0x00, 0x00, 0x00, 0x00,
  0x00, 0x00, 0x00, 0x00, 0x00, 0x00, 0x00, 0x00, 0x00, 0x00, 0x00, 0x00,
  0x00, 0x00, 0x00, 0x00, 0xff, 0xff, 0xff, 0xff, 0xff, 0xff, 0xff, 0xff,
  0xff, 0xff, 0xff, 0xff, 0xff, 0xff, 0xff, 0xff, 0xff, 0xff, 0x00, 0x00,
  0x00, 0x00, 0x00, 0x00, 0x00, 0x00, 0x00, 0x00, 0x00, 0x00, 0x00, 0x00,
  0x00, 0x00, 0x00, 0xff, 0xff, 0xff, 0xff, 0xff, 0xff, 0xff, 0xff, 0xff,
  0xff, 0xff, 0xff, 0xff, 0xff, 0xff, 0xff, 0xff, 0xff, 0xff, 0xff, 0xff,
  0x00, 0x00, 0x00, 0x00, 0x00, 0x00, 0x00, 0x00, 0x00, 0x00, 0x00, 0x00,
  0x00, 0x00, 0x00, 0x00, 0x00, 0x00, 0x00, 0x00, 0xff, 0xff, 0xff, 0xff,
  0xff, 0xff, 0xff, 0xff, 0xff, 0xff, 0xff, 0xff, 0xff, 0xff, 0xff, 0xff,
  0xff, 0xff, 0xff, 0xff, 0xff, 0xff, 0xff, 0xff, 0xff, 0xff, 0xff, 0xff,
  0xff, 0x00, 0x00, 0x00, 0x00, 0x00, 0x00, 0x00, 0x00, 0x00, 0x00, 0x00,
  0x00, 0x00, 0x00, 0x00, 0x00, 0x00, 0x00, 0x00, 0x00, 0x00, 0x00, 0xff,
  0xff, 0xff, 0xff, 0xff, 0xff, 0xff, 0xff, 0xff, 0xff, 0xff, 0xff, 0xff,
  0xff, 0xff, 0xff, 0xff, 0xff, 0xff, 0xff, 0xff, 0xff, 0xff, 0xff, 0xff,
  0x00, 0x00, 0x00, 0x00, 0x00, 0x00, 0x00, 0x00, 0x00, 0x00, 0x00, 0x00,
  0x00, 0x00, 0xff, 0xff, 0xff, 0xff, 0xff, 0xff, 0xff, 0xff, 0xff, 0xff,
  0xff, 0xff, 0xff, 0xff, 0xff, 0xff, 0xff, 0xff, 0x00, 0x00, 0x00, 0x00,
  0x00, 0x00, 0x00, 0x00, 0x00, 0x00, 0x00, 0x00, 0x00, 0x00, 0x00, 0x00,
  0x00, 0x00, 0x00, 0x00, 0x00, 0x00, 0x00, 0xff, 0xff, 0xff, 0xff, 0xff,
  0xff, 0xff, 0xff, 0xff, 0xff, 0xff, 0xff, 0xff, 0xff, 0xff, 0xff, 0xff,
  0x00, 0x00, 0x00, 0x00, 0x00, 0x00, 0x00, 0x00, 0x00, 0x00, 0x00, 0x00,
  0x00, 0x00, 0xff, 0xff, 0xff, 0xff, 0xff, 0xff, 0xff, 0xff, 0xff, 0xff,
  0xff, 0xff, 0xff, 0xff, 0xff, 0xff, 0xff, 0xff, 0xff, 0x00, 0x00, 0x00,
  0x00, 0x00, 0x00, 0x00, 0x00, 0x00, 0x00, 0x00, 0x00, 0x00, 0x00, 0x00,
  0x00, 0x00, 0x00, 0x00, 0x00, 0x00, 0x00, 0xff, 0xff, 0xff, 0xff, 0xff,
  0xff, 0xff, 0xff, 0xff, 0xff, 0xff, 0xff, 0xff, 0xff, 0xff, 0xff, 0xff,
  0x00, 0x00, 0x00, 0x00, 0x00, 0x00, 0x00, 0x00, 0x00, 0x00, 0x00, 0x00,
  0x00, 0x00, 0x00, 0x00, 0x00, 0x00, 0xff, 0xff, 0xff, 0xff, 0xff, 0xff,
  0xff, 0xff, 0xff, 0xff, 0xff, 0xff, 0xff, 0xff, 0xff, 0xff, 0xff, 0xff,
  0xff, 0xff, 0xff, 0x00, 0x00, 0x00, 0x00, 0x00, 0x00, 0x00, 0x00, 0x00,
  0x00, 0x00, 0x00, 0x00, 0x00, 0x00, 0x00, 0x00, 0x00, 0x00, 0x00, 0x00,
  0x00, 0xff, 0xff, 0xff, 0xff, 0xff, 0xff, 0xff, 0xff, 0xff, 0xff, 0xff,
  0xff, 0xff, 0xff, 0xff, 0xff, 0xff, 0xff, 0xff, 0xff, 0xff, 0xff, 0xff,
  0xff, 0xff, 0xff, 0x00, 0x00, 0x00, 0x00, 0x00, 0x00, 0x00, 0x00, 0x00,
  0x00, 0x00, 0x00, 0x00, 0x00, 0x00, 0x00, 0x00, 0x00, 0x00, 0x00, 0x00,
  0x00, 0xff, 0xff, 0xff, 0xff, 0xff, 0xff, 0xff, 0xff, 0xff, 0xff, 0xff,
  0xff, 0xff, 0xff, 0xff, 0xff, 0xff, 0xff, 0xff, 0xff, 0xff, 0x00, 0x00,
  0x00, 0x00, 0x00, 0x00, 0x00, 0x00, 0x00, 0x00, 0x00, 0x00, 0x00, 0x00,
  0x00, 0x00, 0x00, 0x00, 0x00, 0xff, 0xff, 0xff, 0xff, 0xff, 0xff, 0xff,
  0xff, 0xff, 0xff, 0xff, 0xff, 0xff, 0xff, 0xff, 0xff, 0xff, 0xff, 0xff,
  0x00, 0x00, 0x00, 0x00, 0x00, 0x00, 0x00, 0x00, 0x00, 0x00, 0x00, 0x00,
  0x00, 0x00, 0x00, 0x00, 0x00, 0x00, 0x00, 0x00, 0xff, 0xff, 0xff, 0xff,
  0xff, 0xff, 0xff, 0xff, 0xff, 0xff, 0xff, 0xff, 0xff, 0xff, 0xff, 0xff,
  0xff, 0xff, 0xff, 0xff, 0xff, 0xff, 0x00, 0x00, 0x00, 0x00, 0x00, 0x00,
  0x00, 0x00, 0x00, 0x00, 0x00, 0x00, 0x00, 0x00, 0x00, 0x00, 0x00, 0x00,
  0x00, 0x00, 0x00, 0x00, 0x00, 0xff, 0xff, 0xff, 0xff, 0xff, 0xff, 0xff,
  0xff, 0xff, 0xff, 0xff, 0xff, 0xff, 0x00, 0x00, 0x00, 0x00, 0x00, 0x00,
  0x00, 0x00, 0x00, 0x00, 0x00, 0x00, 0xff, 0xff, 0xff, 0xff, 0xff, 0xff,
  0xff, 0xff, 0xff, 0xff, 0xff, 0xff, 0xff, 0xff, 0xff, 0xff, 0xff, 0xff,
  0xff, 0xff, 0xff, 0xff, 0xff, 0xff, 0xff, 0xff, 0xff, 0xff, 0xff, 0xff,
  0xff, 0xff, 0xff, 0x00, 0x00, 0x00, 0x00, 0x00, 0x00, 0x00, 0x00, 0x00,
  0x00, 0x00, 0x00, 0x00, 0x00, 0x00, 0x00, 0x00, 0x00, 0x00, 0x00, 0x00,
  0x00, 0x00, 0x00, 0x00, 0x00, 0x00, 0x00, 0xff, 0xff, 0xff, 0xff, 0xff,
  0xff, 0xff, 0xff, 0xff, 0xff, 0xff, 0xff, 0xff, 0xff, 0xff, 0xff, 0xff,
  0xff, 0x00, 0x00, 0x00, 0x00, 0x00, 0x00, 0x00, 0x00, 0x00, 0x00, 0x00,
  0x00, 0xff, 0xff, 0xff, 0xff, 0xff, 0xff, 0xff, 0xff, 0xff, 0xff, 0xff,
  0xff, 0xff, 0xff, 0xff, 0xff, 0xff, 0xff, 0xff, 0xff, 0x00, 0x00, 0x00,
  0x00, 0x00, 0x00, 0x00, 0x00, 0x00, 0x00, 0x00, 0x00, 0x00, 0x00, 0x00,
  0x00, 0x00, 0x00, 0x00, 0x00, 0x00, 0xff, 0xff, 0xff, 0xff, 0xff, 0xff,
  0xff, 0xff, 0xff, 0xff, 0xff, 0xff, 0xff, 0xff, 0xff, 0xff, 0xff, 0xff,
  0xff, 0x00, 0x00, 0x00, 0x00, 0x00, 0x00, 0x00, 0x00, 0x00, 0x00, 0x00,
  0x00, 0x00, 0x00, 0x00, 0x00, 0x00, 0x00, 0x00, 0xff, 0xff, 0xff, 0xff,
  0xff, 0xff, 0xff, 0xff, 0xff, 0xff, 0xff, 0xff, 0xff, 0xff, 0xff, 0xff,
  0xff, 0xff, 0xff, 0x00, 0x00, 0x00, 0x00, 0x00, 0x00, 0x00, 0x00, 0x00,
  0x00, 0x00, 0x00, 0x00, 0x00, 0x00, 0x00, 0x00, 0x00, 0x00, 0xff, 0xff,
  0xff, 0xff, 0xff, 0xff, 0xff, 0xff, 0xff, 0xff, 0xff, 0xff, 0xff, 0xff,
  0xff, 0xff, 0xff, 0xff, 0xff, 0xff, 0xff, 0xff, 0xff, 0xff, 0x00, 0x00,
  0x00, 0x00, 0x00, 0x00, 0x00, 0x00, 0x00, 0x00, 0x00, 0x00, 0x00, 0x00,
  0x00, 0x00, 0x00, 0x00, 0x00, 0x00, 0x00, 0x00, 0x00, 0x00, 0x00, 0xff,
  0xff, 0xff, 0xff, 0xff, 0xff, 0xff, 0xff, 0xff, 0xff, 0xff, 0xff, 0xff,
  0xff, 0xff, 0xff, 0xff, 0xff, 0xff, 0xff, 0xff, 0xff, 0xff, 0xff, 0xff,
  0x00, 0x00, 0x00, 0x00, 0x00, 0x00, 0x00, 0x00, 0x00, 0x00, 0x00, 0x00,
  0x00, 0x00, 0x00, 0x00, 0x00, 0x00, 0xff, 0xff, 0xff, 0xff, 0xff, 0xff,
  0xff, 0xff, 0xff, 0xff, 0xff, 0xff, 0xff, 0xff, 0xff, 0xff, 0xff, 0xff,
  0x00, 0x00, 0x00, 0x00, 0x00, 0x00, 0x00, 0x00, 0x00, 0x00, 0x00, 0x00,
  0x00, 0x00, 0x00, 0x00, 0x00, 0x00, 0x00, 0x00, 0xff, 0xff, 0xff, 0xff,
  0xff, 0xff, 0xff, 0xff, 0xff, 0xff, 0xff, 0xff, 0xff, 0xff, 0xff, 0xff,
  0xff, 0xff, 0xff, 0xff, 0xff, 0x00, 0x00, 0x00, 0x00, 0x00, 0x00, 0x00,
  0x00, 0x00, 0x00, 0x00, 0x00, 0x00, 0x00, 0x00, 0x00, 0x00, 0x00, 0x00,
  0x00, 0x00, 0xff, 0xff, 0xff, 0xff, 0xff, 0xff, 0xff, 0xff, 0xff, 0xff,
  0xff, 0xff, 0xff, 0xff, 0x00, 0x00, 0x00, 0x00, 0x00, 0x00, 0x00, 0x00,
  0x00, 0x00, 0x00, 0x00, 0x00, 0x00, 0x00, 0x00, 0xff, 0xff, 0xff, 0xff,
  0xff, 0xff, 0xff, 0xff, 0xff, 0xff, 0xff, 0xff, 0xff, 0xff, 0xff, 0xff,
  0xff, 0xff, 0xff, 0xff, 0xff, 0xff, 0xff, 0xff, 0x00, 0x00, 0x00, 0x00,
  0x00, 0x00, 0x00, 0x00, 0x00, 0x00, 0x00, 0x00, 0x00, 0x00, 0x00, 0x00,
  0x00, 0x00, 0xff, 0xff, 0xff, 0xff, 0xff, 0xff, 0xff, 0xff, 0xff, 0xff,
  0x00, 0x00, 0x00, 0x00, 0x00, 0x00, 0x00, 0x00, 0x00, 0x00, 0x00, 0x00,
  0x00, 0x00, 0x00, 0x00, 0xff, 0xff, 0xff, 0xff, 0xff, 0xff, 0xff, 0xff,
  0xff, 0xff, 0xff, 0xff, 0xff, 0xff, 0xff, 0xff, 0xff, 0xff, 0xff, 0xff,
  0xff, 0xff, 0xff, 0xff, 0xff, 0xff, 0xff, 0xff, 0xff, 0xff, 0xff, 0xff,
  0xff, 0xff, 0xff, 0x00, 0x00, 0x00, 0x00, 0x00, 0x00, 0x00, 0x00, 0x00,
  0x00, 0x00, 0x00, 0x00, 0x00, 0x00, 0x00, 0x00, 0x00, 0x00, 0x00, 0x00,
  0x00, 0x00, 0x00, 0x00, 0x00, 0xff, 0xff, 0xff, 0xff, 0xff, 0xff, 0xff,
  0xff, 0xff, 0xff, 0xff, 0xff, 0xff, 0xff, 0xff, 0xff, 0xff, 0xff, 0xff,
  0xff, 0x00, 0x00, 0x00, 0x00, 0x00, 0x00, 0x00, 0x00, 0x00, 0x00, 0x00,
  0x00, 0x00, 0x00, 0x00, 0x00, 0x00, 0x00, 0x00, 0x00, 0x00, 0xff, 0xff,
  0xff, 0xff, 0xff, 0xff, 0xff, 0xff, 0xff, 0xff, 0xff, 0xff, 0xff, 0xff,
  0xff, 0xff, 0xff, 0xff, 0x00, 0x00, 0x00, 0x00, 0x00, 0x00, 0x00, 0x00,
  0x00, 0x00, 0x00, 0x00, 0x00, 0x00, 0x00, 0x00, 0x00, 0xff, 0xff, 0xff,
  0xff, 0xff, 0xff, 0xff, 0xff, 0xff, 0xff, 0xff, 0xff, 0xff, 0xff, 0xff,
  0xff, 0xff, 0xff, 0xff, 0xff, 0xff, 0x00, 0x00, 0x00, 0x00, 0x00, 0x00,
  0x00, 0x00, 0x00, 0x00, 0x00, 0x00, 0x00, 0x00, 0x00, 0x00, 0x00, 0x00,
  0x00, 0x00, 0x00, 0x00, 0x00, 0xff, 0xff, 0xff, 0xff, 0xff, 0xff, 0xff,
  0xff, 0xff, 0xff, 0xff, 0xff, 0xff, 0xff, 0xff, 0xff, 0xff, 0xff, 0xff,
  0xff, 0xff, 0xff, 0xff, 0xff, 0xff, 0xff, 0xff, 0xff, 0xff, 0x00, 0x00,
  0x00, 0x00, 0x00, 0x00, 0x00, 0x00, 0x00, 0x00, 0x00, 0x00, 0x00, 0x00,
  0x00, 0x00, 0x00, 0xff, 0xff, 0xff, 0xff, 0xff, 0xff, 0xff, 0xff, 0xff,
  0xff, 0xff, 0xff, 0xff, 0xff, 0xff, 0xff, 0xff, 0xff, 0xff, 0xff, 0xff,
  0x00, 0x00, 0x00, 0x00, 0x00, 0x00, 0x00, 0x00, 0x00, 0x00, 0x00, 0x00,
  0x00, 0x00, 0x00, 0x00, 0x00, 0x00, 0x00, 0x00, 0x00, 0xff, 0xff, 0xff,
  0xff, 0xff, 0xff, 0xff, 0xff, 0xff, 0xff, 0xff, 0xff, 0xff, 0xff, 0xff,
  0xff, 0xff, 0xff, 0xff, 0xff, 0xff, 0xff, 0x00, 0x00, 0x00, 0x00, 0x00,
  0x00, 0x00, 0x00, 0x00, 0x00, 0x00, 0x00, 0x00, 0x00, 0x00, 0x00, 0x00,
  0x00, 0x00, 0x00, 0xff, 0xff, 0xff, 0xff, 0xff, 0xff, 0xff, 0xff, 0xff,
  0xff, 0xff, 0x00, 0x00, 0x00, 0x00, 0x00, 0x00, 0x00, 0x00, 0x00, 0x00,
  0x00, 0x00, 0x00, 0x00, 0x00, 0x00, 0x00, 0xff, 0xff, 0xff, 0xff, 0xff,
  0xff, 0xff, 0xff, 0xff, 0xff, 0xff, 0xff, 0xff, 0xff, 0xff, 0xff, 0xff,
  0xff, 0xff, 0xff, 0xff, 0x00, 0x00, 0x00, 0x00, 0x00, 0x00, 0x00, 0x00,
  0x00, 0x00, 0x00, 0x00, 0x00, 0x00, 0x00, 0x00, 0x00, 0x00, 0x00, 0x00,
  0x00, 0xff, 0xff, 0xff, 0xff, 0xff, 0xff, 0xff, 0xff, 0xff, 0xff, 0xff,
  0xff, 0xff, 0xff, 0xff, 0xff, 0xff, 0x00, 0x00, 0x00, 0x00, 0x00, 0x00,
  0x00, 0x00, 0x00, 0x00, 0x00, 0x00, 0x00, 0x00, 0x00, 0x00, 0xff, 0xff,
  0xff, 0xff, 0xff, 0xff, 0xff, 0xff, 0xff, 0xff, 0xff, 0xff, 0xff, 0xff,
  0xff, 0xff, 0xff, 0xff, 0xff, 0xff, 0xff, 0x00, 0x00, 0x00, 0x00, 0x00,
  0x00, 0x00, 0x00, 0x00, 0x00, 0x00, 0x00, 0x00, 0x00, 0x00, 0x00, 0x00,
  0x00, 0x00, 0x00, 0x00, 0x00, 0x00, 0x00, 0x00, 0x00, 0x00, 0x00, 0x00,
  0x00, 0x00, 0x00, 0x00, 0xff, 0xff, 0xff, 0xff, 0xff, 0xff, 0xff, 0xff,
  0xff, 0xff, 0xff, 0xff, 0xff, 0xff, 0xff, 0xff, 0xff, 0xff, 0xff, 0xff,
  0x00, 0x00, 0x00, 0x00, 0x00, 0x00, 0x00, 0x00, 0x00, 0x00, 0x00, 0x00,
  0x00, 0x00, 0x00, 0x00, 0x00, 0x00, 0x00, 0x00, 0x00, 0x00, 0xff, 0xff,
  0xff, 0xff, 0xff, 0xff, 0xff, 0xff, 0xff, 0xff, 0xff, 0xff, 0xff, 0xff,
  0xff, 0xff, 0xff, 0xff, 0xff, 0x00, 0x00, 0x00, 0x00, 0x00, 0x00, 0x00,
  0x00, 0x00, 0x00, 0x00, 0x00, 0x00, 0x00, 0x00, 0x00, 0x00, 0xff, 0xff,
  0xff, 0xff, 0xff, 0xff, 0xff, 0xff, 0xff, 0xff, 0xff, 0xff, 0xff, 0xff,
  0xff, 0xff, 0xff, 0xff, 0xff, 0xff, 0xff, 0x00, 0x00, 0x00, 0x00, 0x00,
  0x00, 0x00, 0x00, 0x00, 0x00, 0x00, 0x00, 0x00, 0x00, 0x00, 0x00, 0x00,
  0x00, 0x00, 0x00, 0x00, 0xff, 0xff, 0xff, 0xff, 0xff, 0xff, 0xff, 0xff,
  0xff, 0xff, 0xff, 0xff, 0xff, 0xff, 0xff, 0xff, 0xff, 0xff, 0xff, 0x00,
  0x00, 0x00, 0x00, 0x00, 0x00, 0x00, 0xff, 0xff, 0xff, 0xff, 0xff, 0xff,
  0xff, 0xff, 0xff, 0xff, 0xff, 0xff, 0xff, 0xff, 0xff, 0xff, 0xff, 0xff,
  0xff, 0xff, 0xff, 0xff, 0x00, 0x00, 0x00, 0x00, 0x00, 0x00, 0x00, 0x00,
  0x00, 0x00, 0x00, 0x00, 0x00, 0x00, 0x00, 0x00, 0x00, 0x00, 0x00, 0x00,
  0x00, 0xff, 0xff, 0xff, 0xff, 0xff, 0xff, 0xff, 0xff, 0xff, 0xff, 0xff,
  0xff, 0xff, 0xff, 0xff, 0x00, 0x00, 0x00, 0xff, 0xff, 0xff, 0xff, 0xff,
  0xff, 0xff, 0xff, 0xff, 0xff, 0xff, 0xff, 0xff, 0xff, 0xff, 0xff, 0xff,
  0xff, 0xff, 0xff, 0xff, 0xff, 0xff, 0x00, 0x00, 0x00, 0x00, 0x00, 0x00,
  0x00, 0x00, 0x00, 0x00, 0x00, 0x00, 0x00, 0x00, 0x00, 0x00, 0x00, 0x00,
  0x00, 0x00, 0xff, 0xff, 0xff, 0xff, 0xff, 0xff, 0xff, 0xff, 0xff, 0xff,
  0xff, 0xff, 0xff, 0xff, 0xff, 0x00, 0x00, 0x00, 0x00, 0x00, 0x00, 0x00,
  0x00, 0x00, 0x00, 0x00, 0x00, 0x00, 0x00, 0x00, 0x00, 0xff, 0xff, 0xff,
  0xff, 0xff, 0xff, 0xff, 0xff, 0xff, 0xff, 0xff, 0xff, 0xff, 0xff, 0xff,
  0xff, 0xff, 0xff, 0xff, 0xff, 0x00, 0x00, 0x00, 0x00, 0x00, 0x00, 0x00,
  0x00, 0x00, 0x00, 0x00, 0x00, 0x00, 0x00, 0x00, 0x00, 0x00, 0x00, 0x00,
  0xff, 0xff, 0xff, 0xff, 0xff, 0xff, 0xff, 0xff, 0xff, 0xff, 0xff, 0xff,
  0xff, 0xff, 0xff, 0xff, 0xff, 0xff, 0x00, 0x00, 0x00, 0x00, 0x00, 0x00,
  0x00, 0x00, 0x00, 0x00, 0x00, 0x00, 0x00, 0x00, 0x00, 0x00, 0x00, 0x00,
  0xff, 0xff, 0xff, 0xff, 0xff, 0xff, 0xff, 0xff, 0xff, 0xff, 0xff, 0xff,
  0xff, 0xff, 0xff, 0xff, 0xff, 0xff, 0xff, 0xff, 0xff, 0x00, 0x00, 0x00,
  0x00, 0x00, 0x00, 0x00, 0x00, 0x00, 0x00, 0x00, 0x00, 0x00, 0x00, 0x00,
  0x00, 0x00, 0x00, 0x00, 0x00, 0x00, 0x00, 0xff, 0xff, 0xff, 0xff, 0xff,
  0xff, 0xff, 0xff, 0xff, 0xff, 0xff, 0xff, 0xff, 0xff, 0xff, 0xff, 0xff,
  0xff, 0xff, 0xff, 0xff, 0xff, 0xff, 0xff, 0xff, 0xff, 0xff, 0xff, 0xff,
  0xff, 0x00, 0x00, 0x00, 0x00, 0x00, 0x00, 0x00, 0x00, 0x00, 0x00, 0x00,
  0x00, 0x00, 0x00, 0x00, 0x00, 0x00, 0x00, 0x00, 0x00, 0x00, 0x00, 0x00,
  0x00, 0x00, 0x00, 0x00, 0xff, 0xff, 0xff, 0xff, 0xff, 0xff, 0xff, 0xff,
  0xff, 0xff, 0xff, 0xff, 0xff, 0xff, 0xff, 0xff, 0xff, 0xff, 0x00, 0x00,
  0x00, 0x00, 0x00, 0x00, 0x00, 0x00, 0x00, 0x00, 0x00, 0x00, 0xff, 0xff,
  0xff, 0xff, 0xff, 0xff, 0xff, 0xff, 0xff, 0xff, 0xff, 0xff, 0xff, 0xff,
  0xff, 0xff, 0xff, 0xff, 0x00, 0x00, 0x00, 0x00, 0x00, 0x00, 0x00, 0x00,
  0x00, 0x00, 0x00, 0x00, 0x00, 0x00, 0x00, 0x00, 0x00, 0x00, 0x00, 0x00,
  0x00, 0x00, 0x00, 0xff, 0xff, 0xff, 0xff, 0xff, 0xff, 0xff, 0xff, 0xff,
  0xff, 0xff, 0xff, 0xff, 0xff, 0xff, 0xff, 0xff, 0xff, 0xff, 0xff, 0x00,
  0x00, 0x00, 0x00, 0x00, 0x00, 0x00, 0x00, 0x00, 0x00, 0x00, 0x00, 0x00,
  0x00, 0x00, 0xff, 0xff, 0xff, 0xff, 0xff, 0xff, 0xff, 0xff, 0xff, 0xff,
  0xff, 0xff, 0xff, 0xff, 0xff, 0xff, 0xff, 0xff, 0x00, 0x00, 0x00, 0x00,
  0x00, 0x00, 0x00, 0x00, 0x00, 0x00, 0x00, 0x00, 0x00, 0x00, 0x00, 0x00,
  0x00, 0x00, 0x00, 0x00, 0xff, 0xff, 0xff, 0xff, 0xff, 0xff, 0xff, 0xff,
  0xff, 0xff, 0xff, 0xff, 0xff, 0xff, 0xff, 0xff, 0x00, 0x00, 0x00, 0x00,
  0x00, 0x00, 0x00, 0x00, 0x00, 0x00, 0x00, 0x00, 0x00, 0x00, 0x00, 0x00,
  0x00, 0xff, 0xff, 0xff, 0xff, 0xff, 0xff, 0xff, 0xff, 0xff, 0xff, 0xff,
  0xff, 0xff, 0xff, 0xff, 0xff, 0xff, 0xff, 0xff, 0xff, 0xff, 0xff, 0xff,
  0xff, 0xff, 0x00, 0x00, 0x00, 0x00, 0x00, 0x00, 0x00, 0x00, 0x00, 0x00,
  0x00, 0x00, 0x00, 0x00, 0x00, 0x00, 0x00, 0x00, 0x00, 0x00, 0x00, 0x00,
  0x00, 0x00, 0x00, 0x00, 0x00, 0x00, 0x00, 0x00, 0xff, 0xff, 0xff, 0xff,
  0xff, 0xff, 0xff, 0xff, 0xff, 0xff, 0xff, 0xff, 0xff, 0xff, 0xff, 0xff,
  0xff, 0xff, 0xff, 0xff, 0xff, 0xff, 0x00, 0x00, 0x00, 0x00, 0x00, 0x00,
  0x00, 0x00, 0x00, 0x00, 0x00, 0x00, 0x00, 0x00, 0x00, 0x00, 0x00, 0x00,
  0x00, 0x00, 0xff, 0xff, 0xff, 0xff, 0xff, 0xff, 0xff, 0xff, 0xff, 0xff,
  0xff, 0xff, 0xff, 0xff, 0xff, 0xff, 0xff, 0xff, 0xff, 0xff, 0x00, 0x00,
  0x00, 0x00, 0x00, 0x00, 0x00, 0x00, 0x00, 0x00, 0x00, 0x00, 0x00, 0x00,
  0x00, 0x00, 0x00, 0x00, 0xff, 0xff, 0xff, 0xff, 0xff, 0xff, 0xff, 0xff,
  0xff, 0xff, 0xff, 0xff, 0xff, 0xff, 0xff, 0xff, 0xff, 0x00, 0x00, 0x00,
  0x00, 0x00, 0x00, 0x00, 0x00, 0x00, 0x00, 0x00, 0x00, 0x00, 0x00, 0x00,
  0x00, 0x00, 0x00, 0xff, 0xff, 0xff, 0xff, 0xff, 0xff, 0xff, 0xff, 0xff,
  0xff, 0xff, 0xff, 0xff, 0xff, 0xff, 0xff, 0xff, 0xff, 0xff, 0xff, 0xff,
  0xff, 0xff, 0xff, 0x00, 0x00, 0x00, 0x00, 0x00, 0x00, 0x00, 0x00, 0x00,
  0x00, 0x00, 0x00, 0x00, 0x00, 0x00, 0x00, 0x00, 0x00, 0x00, 0x00, 0x00,
  0x00, 0x00, 0x00, 0x00, 0x00, 0xff, 0xff, 0xff, 0xff, 0xff, 0xff, 0xff,
  0x00, 0x00, 0x00, 0x00, 0x00, 0x00, 0x00, 0x00, 0x00, 0xff, 0xff, 0xff,
  0xff, 0xff, 0xff, 0xff, 0xff, 0xff, 0xff, 0xff, 0xff, 0xff, 0xff, 0xff,
  0xff, 0x00, 0x00, 0x00, 0x00, 0xff, 0xff, 0xff, 0xff, 0xff, 0xff, 0xff,
  0xff, 0xff, 0xff, 0xff, 0xff, 0xff, 0xff, 0xff, 0xff, 0xff, 0xff, 0xff,
  0xff, 0xff, 0xff, 0xff, 0xff, 0x00, 0x00, 0x00, 0x00, 0x00, 0x00, 0x00,
  0x00, 0x00, 0x00, 0x00, 0x00, 0x00, 0x00, 0x00, 0x00, 0x00, 0x00, 0x00,
  0x00, 0x00, 0x00, 0x00, 0x00, 0xff, 0xff, 0xff, 0xff, 0xff, 0xff, 0xff,
  0xff, 0xff, 0xff, 0xff, 0xff, 0xff, 0xff, 0xff, 0x00, 0x00, 0x00, 0x00,
  0x00, 0x00, 0x00, 0x00, 0x00, 0x00, 0x00, 0x00, 0xff, 0xff, 0xff, 0xff,
  0xff, 0xff, 0xff, 0xff, 0xff, 0xff, 0xff, 0xff, 0xff, 0xff, 0xff, 0xff,
  0xff, 0xff, 0xff, 0xff, 0xff, 0xff, 0xff, 0xff, 0x00, 0x00, 0x00, 0x00,
  0x00, 0x00, 0x00, 0x00, 0x00, 0x00, 0x00, 0x00, 0x00, 0x00, 0x00, 0x00,
  0x00, 0x00, 0x00, 0x00, 0x00, 0x00, 0xff, 0xff, 0xff, 0xff, 0xff, 0xff,
  0xff, 0xff, 0xff, 0xff, 0xff, 0xff, 0xff, 0xff, 0xff, 0xff, 0xff, 0xff,
  0xff, 0xff, 0x00, 0x00, 0x00, 0x00, 0x00, 0x00, 0x00, 0x00, 0x00, 0x00,
  0x00, 0x00, 0x00, 0x00, 0x00, 0x00, 0x00, 0x00, 0x00, 0x00, 0xff, 0xff,
  0xff, 0xff, 0xff, 0xff, 0xff, 0xff, 0xff, 0xff, 0xff, 0xff, 0xff, 0xff,
  0xff, 0xff, 0xff, 0xff, 0xff, 0xff, 0xff, 0x00, 0x00, 0x00, 0x00, 0x00,
  0x00, 0x00, 0x00, 0x00, 0x00, 0x00, 0x00, 0x00, 0x00, 0x00, 0x00, 0x00,
  0x00, 0x00, 0x00, 0xff, 0xff, 0xff, 0xff, 0xff, 0xff, 0xff, 0xff, 0xff,
  0xff, 0xff, 0xff, 0xff, 0xff, 0xff, 0xff, 0xff, 0xff, 0xff, 0xff, 0xff,
  0xff, 0x00, 0x00, 0x00, 0x00, 0x00, 0x00, 0x00, 0x00, 0x00, 0x00, 0x00,
  0x00, 0x00, 0x00, 0x00, 0x00, 0x00, 0x00, 0x00, 0x00, 0x00, 0xff, 0xff,
  0xff, 0xff, 0xff, 0xff, 0xff, 0xff, 0xff, 0xff, 0xff, 0xff, 0xff, 0xff,
  0xff, 0xff, 0xff, 0xff, 0xff, 0xff, 0xff, 0xff, 0x00, 0x00, 0x00, 0x00,
  0x00, 0x00, 0x00, 0x00, 0x00, 0x00, 0x00, 0x00, 0x00, 0x00, 0x00, 0x00,
  0x00, 0x00, 0x00, 0x00, 0x00, 0xff, 0xff, 0xff, 0xff, 0xff, 0xff, 0xff,
  0xff, 0xff, 0xff, 0xff, 0xff, 0xff, 0xff, 0xff, 0x00, 0x00, 0x00, 0x00,
  0x00, 0x00, 0x00, 0x00, 0x00, 0x00, 0x00, 0x00, 0x00, 0x00, 0x00, 0x00,
  0x00, 0x00, 0x00, 0x00, 0x00, 0xff, 0xff, 0xff, 0xff, 0xff, 0xff, 0xff,
  0xff, 0xff, 0xff, 0xff, 0xff, 0xff, 0xff, 0xff, 0xff, 0xff, 0xff, 0xff,
  0xff, 0xff, 0xff, 0xff, 0x00, 0x00, 0x00, 0x00, 0x00, 0x00, 0x00, 0x00,
  0x00, 0x00, 0x00, 0x00, 0x00, 0x00, 0x00, 0x00, 0x00, 0xff, 0xff, 0xff,
  0xff, 0xff, 0xff, 0xff, 0xff, 0xff, 0xff, 0xff, 0xff, 0xff, 0x00, 0x00,
  0x00, 0x00, 0x00, 0x00, 0x00, 0x00, 0x00, 0x00, 0x00, 0x00, 0x00, 0x00,
  0x00, 0x00, 0x00, 0x00, 0x00, 0x00, 0x00, 0xff, 0xff, 0xff, 0xff, 0xff,
  0xff, 0xff, 0xff, 0xff, 0xff, 0xff, 0xff, 0xff, 0xff, 0xff, 0xff, 0xff,
  0xff, 0xff, 0xff, 0xff, 0xff, 0xff, 0xff, 0xff, 0x00, 0x00, 0x00, 0x00,
  0x00, 0x00, 0x00, 0x00, 0x00, 0x00, 0x00, 0x00, 0x00, 0x00, 0x00, 0x00,
  0x00, 0x00, 0x00, 0x00, 0x00, 0x00, 0x00, 0x00, 0xff, 0xff, 0xff, 0xff,
  0xff, 0xff, 0xff, 0xff, 0xff, 0xff, 0xff, 0xff, 0xff, 0xff, 0xff, 0xff,
  0x00, 0x00, 0x00, 0x00, 0x00, 0x00, 0x00, 0x00, 0x00, 0x00, 0x00, 0x00,
  0x00, 0x00, 0x00, 0x00, 0x00, 0x00, 0x00, 0xff, 0xff, 0xff, 0xff, 0xff,
  0xff, 0xff, 0xff, 0xff, 0xff, 0xff, 0xff, 0xff, 0xff, 0xff, 0xff, 0xff,
  0xff, 0xff, 0xff, 0xff, 0xff, 0xff, 0x00, 0x00, 0x00, 0x00, 0x00, 0x00,
  0x00, 0x00, 0x00, 0x00, 0x00, 0x00, 0x00, 0x00, 0x00, 0x00, 0x00, 0x00,
  0x00, 0x00, 0x00, 0x00, 0x00, 0xff, 0xff, 0xff, 0xff, 0xff, 0xff, 0xff,
  0xff, 0xff, 0xff, 0xff, 0xff, 0xff, 0xff, 0xff, 0xff, 0xff, 0xff, 0xff,
  0xff, 0x00, 0x00, 0x00, 0x00, 0x00, 0x00, 0x00, 0x00, 0x00, 0x00, 0x00,
  0x00, 0x00, 0x00, 0x00, 0x00, 0x00, 0x00, 0x00, 0xff, 0xff, 0xff, 0xff,
  0xff, 0xff, 0xff, 0xff, 0xff, 0xff, 0xff, 0xff, 0xff, 0xff, 0xff, 0xff,
  0xff, 0xff, 0xff, 0xff, 0xff, 0xff, 0x00, 0x00, 0x00, 0x00, 0x00, 0x00,
  0x00, 0x00, 0x00, 0x00, 0x00, 0x00, 0x00, 0x00, 0x00, 0x00, 0x00, 0x00,
  0x00, 0x00, 0x00, 0xff, 0xff, 0xff, 0xff, 0xff, 0xff, 0xff, 0xff, 0xff,
  0xff, 0xff, 0xff, 0xff, 0xff, 0xff, 0xff, 0x00, 0x00, 0x00, 0x00, 0x00,
  0x00, 0x00, 0x00, 0x00, 0x00, 0x00, 0x00, 0x00, 0x00, 0x00, 0x00, 0x00,
  0x00, 0x00, 0x00, 0x00, 0xff, 0xff, 0xff, 0xff, 0xff, 0xff, 0xff, 0xff,
  0xff, 0xff, 0xff, 0xff, 0xff, 0xff, 0xff, 0xff, 0xff, 0x00, 0x00, 0x00,
  0x00, 0x00, 0x00, 0x00, 0x00, 0x00, 0x00, 0x00, 0x00, 0x00, 0x00, 0x00,
  0x00, 0x00, 0x00, 0x00, 0x00, 0x00, 0x00, 0x00, 0xff, 0xff, 0xff, 0xff,
  0xff, 0xff, 0xff, 0xff, 0xff, 0xff, 0xff, 0xff, 0xff, 0xff, 0x00, 0x00,
  0x00, 0x00, 0x00, 0x00, 0x00, 0x00, 0x00, 0x00, 0x00, 0x00, 0x00, 0x00,
  0x00, 0x00, 0x00, 0x00, 0x00, 0x00, 0x00, 0x00, 0x00, 0xff, 0xff, 0xff,
  0xff, 0xff, 0xff, 0xff, 0xff, 0xff, 0xff, 0xff, 0xff, 0xff, 0xff, 0xff,
  0xff, 0xff, 0xff, 0xff, 0xff, 0xff, 0xff, 0xff, 0xff, 0xff, 0xff, 0xff,
  0xff, 0xff, 0x00, 0x00, 0x00, 0x00, 0x00, 0x00, 0x00, 0x00, 0x00, 0x00,
  0x00, 0x00, 0x00, 0x00, 0x00, 0x00, 0x00, 0x00, 0x00, 0xff, 0xff, 0xff,
  0xff, 0xff, 0xff, 0xff, 0xff, 0xff, 0xff, 0xff, 0xff, 0xff, 0xff, 0x00,
  0x00, 0x00, 0x00, 0x00, 0x00, 0x00, 0x00, 0x00, 0x00, 0x00, 0x00, 0x00,
  0x00, 0x00, 0x00, 0x00, 0x00, 0x00, 0x00, 0xff, 0xff, 0xff, 0xff, 0xff,
  0xff, 0xff, 0xff, 0xff, 0xff, 0xff, 0xff, 0xff, 0xff, 0xff, 0xff, 0xff,
  0xff, 0xff, 0xff, 0xff, 0x00, 0x00, 0x00, 0x00, 0x00, 0x00, 0x00, 0x00,
  0x00, 0x00, 0x00, 0x00, 0x00, 0x00, 0x00, 0x00, 0x00, 0x00, 0x00, 0x00,
  0x00, 0x00, 0x00, 0xff, 0xff, 0xff, 0xff, 0xff, 0xff, 0xff, 0xff, 0xff,
  0xff, 0xff, 0xff, 0xff, 0xff, 0xff, 0xff, 0xff, 0x00, 0x00, 0x00, 0x00,
  0x00, 0x00, 0x00, 0x00, 0x00, 0x00, 0x00, 0x00, 0x00, 0x00, 0x00, 0x00,
  0x00, 0x00, 0x00, 0xff, 0xff, 0xff, 0xff, 0xff, 0xff, 0xff, 0xff, 0xff,
  0xff, 0xff, 0xff, 0xff, 0xff, 0xff, 0xff, 0xff, 0xff, 0xff, 0xff, 0xff,
  0xff, 0xff, 0xff, 0xff, 0xff, 0xff, 0x00, 0x00, 0x00, 0x00, 0x00, 0x00,
  0x00, 0x00, 0x00, 0x00, 0x00, 0x00, 0x00, 0x00, 0x00, 0x00, 0x00, 0x00,
  0x00, 0x00, 0x00, 0x00, 0x00, 0x00, 0x00, 0xff, 0xff, 0xff, 0xff, 0xff,
  0xff, 0xff, 0xff, 0xff, 0xff, 0xff, 0xff, 0xff, 0xff, 0xff, 0xff, 0xff,
  0xff, 0xff, 0x00, 0x00, 0x00, 0x00, 0x00, 0x00, 0x00, 0x00, 0x00, 0x00,
  0x00, 0x00, 0x00, 0x00, 0x00, 0x00, 0x00, 0xff, 0xff, 0xff, 0xff, 0xff,
  0xff, 0xff, 0xff, 0xff, 0xff, 0xff, 0xff, 0xff, 0xff, 0xff, 0xff, 0xff,
  0xff, 0xff, 0xff, 0xff, 0xff, 0x00, 0x00, 0x00, 0x00, 0x00, 0x00, 0x00,
  0x00, 0x00, 0x00, 0x00, 0x00, 0x00, 0x00, 0x00, 0x00, 0x00, 0x00, 0xff,
  0xff, 0xff, 0xff, 0xff, 0xff, 0xff, 0xff, 0xff, 0xff, 0xff, 0xff, 0xff,
  0xff, 0xff, 0xff, 0xff, 0x00, 0x00, 0x00, 0x00, 0x00, 0x00, 0x00, 0x00,
  0x00, 0x00, 0x00, 0x00, 0x00, 0x00, 0x00, 0x00, 0x00, 0x00, 0x00, 0xff,
  0xff, 0xff, 0xff, 0xff, 0xff, 0xff, 0xff, 0xff, 0xff, 0xff, 0xff, 0xff,
  0xff, 0xff, 0xff, 0xff, 0xff, 0xff, 0xff, 0x00, 0x00, 0x00, 0x00, 0x00,
  0x00, 0x00, 0x00, 0x00, 0x00, 0x00, 0x00, 0x00, 0x00, 0xff, 0xff, 0xff,
  0xff, 0xff, 0xff, 0xff, 0xff, 0xff, 0xff, 0xff, 0xff, 0xff, 0xff, 0xff,
  0xff, 0xff, 0xff, 0xff, 0xff, 0x00, 0x00, 0x00, 0x00, 0x00, 0x00, 0x00,
  0x00, 0x00, 0x00, 0x00, 0x00, 0x00, 0x00, 0x00, 0x00, 0x00, 0x00, 0x00,
  0x00, 0x00, 0x00, 0xff, 0xff, 0xff, 0xff, 0xff, 0xff, 0xff, 0xff, 0xff,
  0xff, 0xff, 0xff, 0xff, 0xff, 0xff, 0xff, 0xff, 0xff, 0xff, 0xff, 0xff,
  0xff, 0xff, 0x00, 0x00, 0x00, 0x00, 0x00, 0x00, 0x00, 0x00, 0x00, 0x00,
  0x00, 0x00, 0x00, 0x00, 0x00, 0x00, 0x00, 0x00, 0x00, 0x00, 0x00, 0x00,
  0x00, 0x00, 0x00, 0xff, 0xff, 0xff, 0xff, 0xff, 0xff, 0xff, 0xff, 0xff,
  0xff, 0xff, 0xff, 0xff, 0xff, 0xff, 0xff, 0xff, 0xff, 0x00, 0x00, 0x00,
  0x00, 0x00, 0x00, 0x00, 0x00, 0x00, 0x00, 0x00, 0x00, 0x00, 0x00, 0x00,
  0x00, 0x00, 0x00, 0x00, 0x00, 0x00, 0x00, 0xff, 0xff, 0xff, 0xff, 0xff,
  0xff, 0xff, 0xff, 0xff, 0xff, 0xff, 0xff, 0xff, 0xff, 0xff, 0xff, 0xff,
  0xff, 0xff, 0xff, 0xff, 0xff, 0x00, 0x00, 0x00, 0x00, 0x00, 0x00, 0x00,
  0x00, 0x00, 0x00, 0x00, 0x00, 0x00, 0x00, 0x00, 0x00, 0x00, 0x00, 0x00,
  0xff, 0xff, 0xff, 0xff, 0xff, 0xff, 0xff, 0xff, 0xff, 0xff, 0xff, 0xff,
  0xff, 0xff, 0xff, 0xff, 0xff, 0x00, 0x00, 0x00, 0x00, 0x00, 0x00, 0x00,
  0x00, 0x00, 0x00, 0x00, 0x00, 0x00, 0x00, 0x00, 0x00, 0x00, 0x00, 0x00,
  0xff, 0xff, 0xff, 0xff, 0xff, 0xff, 0xff, 0xff, 0xff, 0xff, 0xff, 0xff,
  0xff, 0xff, 0xff, 0xff, 0xff, 0xff, 0xff, 0xff, 0x00, 0x00, 0x00, 0x00,
  0x00, 0x00, 0x00, 0x00, 0x00, 0x00, 0x00, 0x00, 0x00, 0x00, 0x00, 0x00,
  0x00, 0x00, 0x00, 0x00, 0x00, 0x00, 0x00, 0x00, 0x00, 0xff, 0xff, 0xff,
  0xff, 0xff, 0xff, 0xff, 0xff, 0xff, 0xff, 0xff, 0xff, 0xff, 0xff, 0xff,
  0x00, 0x00, 0x00, 0xff, 0xff, 0xff, 0xff, 0xff, 0xff, 0xff, 0xff, 0xff,
  0x00, 0x00, 0x00, 0x00, 0x00, 0x00, 0x00, 0x00, 0x00, 0x00, 0x00, 0x00,
  0x00, 0x00, 0x00, 0x00, 0x00, 0x00, 0x00, 0xff, 0xff, 0xff, 0xff, 0xff,
  0xff, 0xff, 0xff, 0xff, 0xff, 0xff, 0xff, 0xff, 0xff, 0xff, 0xff, 0xff,
  0xff, 0xff, 0xff, 0x00, 0x00, 0x00, 0x00, 0x00, 0x00, 0x00, 0x00, 0x00,
  0x00, 0x00, 0x00, 0x00, 0x00, 0x00, 0x00, 0x00, 0x00, 0x00, 0xff, 0xff,
  0xff, 0xff, 0xff, 0xff, 0xff, 0xff, 0xff, 0xff, 0xff, 0xff, 0xff, 0xff,
  0xff, 0x00, 0x00, 0x00, 0x00, 0x00, 0x00, 0x00, 0x00, 0x00, 0x00, 0x00,
  0x00, 0x00, 0x00, 0x00, 0x00, 0x00, 0x00, 0xff, 0xff, 0xff, 0xff, 0xff,
  0xff, 0xff, 0xff, 0xff, 0xff, 0xff, 0xff, 0xff, 0xff, 0xff, 0xff, 0xff,
  0xff, 0x00, 0x00, 0x00, 0x00, 0x00, 0x00, 0x00, 0x00, 0x00, 0x00, 0x00,
  0x00, 0x00, 0x00, 0x00, 0x00, 0x00, 0x00, 0x00, 0xff, 0xff, 0xff, 0xff,
  0xff, 0xff, 0xff, 0xff, 0xff, 0xff, 0xff, 0xff, 0xff, 0xff, 0xff, 0xff,
  0xff, 0xff, 0xff, 0xff, 0x00, 0x00, 0x00, 0x00, 0x00, 0x00, 0x00, 0x00,
  0x00, 0x00, 0x00, 0x00, 0x00, 0x00, 0x00, 0x00, 0x00, 0x00, 0x00, 0x00,
  0x00, 0x00, 0xff, 0xff, 0xff, 0xff, 0xff, 0xff, 0xff, 0xff, 0xff, 0xff,
  0xff, 0xff, 0xff, 0xff, 0xff, 0xff, 0xff, 0xff, 0xff, 0x00, 0x00, 0x00,
  0x00, 0x00, 0x00, 0x00, 0x00, 0x00, 0x00, 0x00, 0x00, 0x00, 0x00, 0x00,
  0x00, 0xff, 0xff, 0xff, 0xff, 0xff, 0xff, 0xff, 0xff, 0xff, 0xff, 0xff,
  0xff, 0xff, 0xff, 0xff, 0xff, 0xff, 0xff, 0xff, 0xff, 0xff, 0xff, 0xff,
  0xff, 0xff, 0xff, 0x00, 0x00, 0x00, 0x00, 0x00, 0x00, 0x00, 0x00, 0x00,
  0x00, 0x00, 0x00, 0x00, 0x00, 0x00, 0x00, 0x00, 0x00, 0x00, 0x00, 0x00,
  0x00, 0x00, 0x00, 0x00, 0x00, 0xff, 0xff, 0xff, 0xff, 0xff, 0xff, 0xff,
  0xff, 0xff, 0xff, 0xff, 0xff, 0xff, 0xff, 0xff, 0xff, 0xff, 0xff, 0xff,
  0xff, 0xff, 0x00, 0x00, 0x00, 0x00, 0x00, 0x00, 0x00, 0x00, 0x00, 0x00,
  0x00, 0x00, 0x00, 0x00, 0x00, 0x00, 0x00, 0x00, 0xff, 0xff, 0xff, 0xff,
  0xff, 0xff, 0xff, 0xff, 0xff, 0xff, 0xff, 0xff, 0xff, 0xff, 0xff, 0xff,
  0xff, 0xff, 0x00, 0x00, 0x00, 0x00, 0x00, 0x00, 0x00, 0x00, 0x00, 0x00,
  0x00, 0x00, 0x00, 0x00, 0x00, 0x00, 0x00, 0x00, 0x00, 0x00, 0xff, 0xff,
  0xff, 0xff, 0xff, 0xff, 0xff, 0xff, 0xff, 0xff, 0xff, 0xff, 0xff, 0xff,
  0xff, 0xff, 0xff, 0xff, 0xff, 0xff, 0x00, 0x00, 0x00, 0x00, 0x00, 0x00,
  0x00, 0x00, 0x00, 0x00, 0x00, 0x00, 0x00, 0x00, 0x00, 0x00, 0xff, 0xff,
  0xff, 0xff, 0xff, 0xff, 0xff, 0xff, 0xff, 0xff, 0xff, 0xff, 0xff, 0xff,
  0xff, 0xff, 0x00, 0x00, 0x00, 0x00, 0x00, 0x00, 0x00, 0x00, 0x00, 0x00,
  0x00, 0x00, 0x00, 0x00, 0x00, 0x00, 0x00, 0x00, 0x00, 0x00, 0xff, 0xff,
  0xff, 0xff, 0xff, 0xff, 0xff, 0xff, 0xff, 0xff, 0xff, 0xff, 0xff, 0xff,
  0xff, 0xff, 0xff, 0xff, 0xff, 0xff, 0xff, 0xff, 0x00, 0x00, 0x00, 0x00,
  0x00, 0x00, 0x00, 0x00, 0x00, 0x00, 0x00, 0x00, 0x00, 0x00, 0x00, 0x00,
  0x00, 0x00, 0x00, 0xff, 0xff, 0xff, 0xff, 0xff, 0xff, 0xff, 0xff, 0xff,
  0xff, 0xff, 0xff, 0xff, 0xff, 0xff, 0xff, 0xff, 0xff, 0xff, 0xff, 0xff,
  0xff, 0xff, 0xff, 0xff, 0xff, 0x00, 0x00, 0x00, 0x00, 0x00, 0x00, 0x00,
  0x00, 0x00, 0x00, 0x00, 0x00, 0x00, 0x00, 0x00, 0x00, 0x00, 0x00, 0x00,
  0x00, 0x00, 0x00, 0x00, 0xff, 0xff, 0xff, 0xff, 0xff, 0xff, 0xff, 0xff,
  0xff, 0xff, 0xff, 0xff, 0xff, 0xff, 0xff, 0xff, 0xff, 0xff, 0xff, 0x00,
  0x00, 0x00, 0x00, 0x00, 0x00, 0x00, 0x00, 0x00, 0x00, 0x00, 0x00, 0x00,
  0x00, 0x00, 0x00, 0x00, 0x00, 0xff, 0xff, 0xff, 0xff, 0xff, 0xff, 0xff,
  0xff, 0xff, 0xff, 0xff, 0xff, 0xff, 0xff, 0xff, 0xff, 0xff, 0xff, 0xff,
  0xff, 0xff, 0x00, 0x00, 0x00, 0x00, 0x00, 0x00, 0x00, 0x00, 0x00, 0x00,
  0x00, 0x00, 0x00, 0x00, 0x00, 0x00, 0x00, 0x00, 0x00, 0x00, 0xff, 0xff,
  0xff, 0xff, 0xff, 0xff, 0xff, 0xff, 0xff, 0xff, 0xff, 0xff, 0xff, 0xff,
  0xff, 0xff, 0xff, 0xff, 0xff, 0xff, 0x00, 0x00, 0x00, 0x00, 0x00, 0x00,
  0x00, 0x00, 0x00, 0x00, 0x00, 0x00, 0x00, 0x00, 0x00, 0x00, 0xff, 0xff,
  0xff, 0xff, 0xff, 0xff, 0xff, 0xff, 0xff, 0xff, 0xff, 0xff, 0xff, 0xff,
  0xff, 0xff, 0xff, 0xff, 0xff, 0xff, 0xff, 0xff, 0x00, 0x00, 0x00, 0x00,
  0x00, 0x00, 0x00, 0x00, 0x00, 0x00, 0x00, 0x00, 0x00, 0x00, 0x00, 0x00,
  0x00, 0x00, 0x00, 0x00, 0x00, 0x00, 0x00, 0x00, 0x00, 0x00, 0x00, 0xff,
  0xff, 0xff, 0xff, 0xff, 0xff, 0xff, 0xff, 0xff, 0xff, 0xff, 0xff, 0xff,
  0xff, 0xff, 0xff, 0xff, 0xff, 0xff, 0xff, 0xff, 0xff, 0xff, 0xff, 0xff,
  0x00, 0x00, 0x00, 0x00, 0x00, 0x00, 0x00, 0x00, 0xff, 0xff, 0xff, 0xff,
  0xff, 0xff, 0xff, 0xff, 0xff, 0xff, 0xff, 0xff, 0xff, 0xff, 0xff, 0xff,
  0xff, 0xff, 0xff, 0xff, 0x00, 0x00, 0x00, 0x00, 0x00, 0x00, 0x00, 0x00,
  0x00, 0x00, 0x00, 0x00, 0x00, 0x00, 0x00, 0x00, 0x00, 0x00, 0x00, 0x00,
  0x00, 0x00, 0x00, 0x00, 0xff, 0xff, 0xff, 0xff, 0xff, 0xff, 0xff, 0xff,
  0xff, 0xff, 0xff, 0xff, 0xff, 0xff, 0xff, 0xff, 0xff, 0xff, 0xff, 0xff,
  0x00, 0x00, 0x00, 0x00, 0x00, 0x00, 0x00, 0x00, 0x00, 0x00, 0x00, 0x00,
  0x00, 0x00, 0x00, 0x00, 0x00, 0x00, 0xff, 0xff, 0xff, 0xff, 0xff, 0xff,
  0xff, 0xff, 0xff, 0xff, 0xff, 0xff, 0xff, 0xff, 0xff, 0xff, 0xff, 0xff,
  0xff, 0xff, 0x00, 0x00, 0x00, 0x00, 0x00, 0x00, 0x00, 0x00, 0x00, 0x00,
  0x00, 0x00, 0x00, 0x00, 0x00, 0x00, 0x00, 0x00, 0x00, 0xff, 0xff, 0xff,
  0xff, 0xff, 0xff, 0xff, 0xff, 0xff, 0xff, 0xff, 0xff, 0xff, 0xff, 0xff,
  0xff, 0xff, 0xff, 0xff, 0x00, 0x00, 0x00, 0x00, 0x00, 0x00, 0x00, 0x00,
  0x00, 0x00, 0x00, 0x00, 0x00, 0x00, 0x00, 0x00, 0x00, 0x00, 0x00, 0x00,
  0xff, 0xff, 0xff, 0xff, 0xff, 0xff, 0xff, 0xff, 0xff, 0xff, 0xff, 0xff,
  0xff, 0xff, 0xff, 0xff, 0xff, 0xff, 0xff, 0xff, 0x00, 0x00, 0x00, 0x00,
  0x00, 0x00, 0x00, 0x00, 0x00, 0x00, 0x00, 0x00, 0x00, 0x00, 0x00, 0x00,
  0x00, 0x00, 0x00, 0x00, 0x00, 0xff, 0xff, 0xff, 0xff, 0xff, 0xff, 0xff,
  0xff, 0xff, 0xff, 0xff, 0xff, 0xff, 0xff, 0xff, 0xff, 0xff, 0xff, 0xff,
  0x00, 0x00, 0x00, 0x00, 0x00, 0x00, 0x00, 0x00, 0x00, 0x00, 0x00, 0x00,
  0x00, 0x00, 0x00, 0x00, 0x00, 0x00, 0x00, 0x00, 0x00, 0x00, 0xff, 0xff,
  0xff, 0xff, 0xff, 0xff, 0xff, 0xff, 0xff, 0xff, 0xff, 0xff, 0xff, 0xff,
  0xff, 0xff, 0xff, 0xff, 0xff, 0xff, 0xff, 0xff, 0xff, 0x00, 0x00, 0x00,
  0x00, 0x00, 0x00, 0x00, 0x00, 0x00, 0x00, 0x00, 0x00, 0x00, 0x00, 0x00,
  0x00, 0x00, 0x00, 0x00, 0x00, 0x00, 0x00, 0x00, 0xff, 0xff, 0xff, 0xff,
  0xff, 0xff, 0xff, 0xff, 0xff, 0xff, 0xff, 0xff, 0xff, 0xff, 0xff, 0xff,
  0x00, 0x00, 0x00, 0x00, 0x00, 0x00, 0x00, 0x00, 0x00, 0x00, 0x00, 0x00,
  0x00, 0x00, 0x00, 0x00, 0x00, 0x00, 0xff, 0xff, 0xff, 0xff, 0xff, 0xff,
  0xff, 0xff, 0xff, 0xff, 0xff, 0xff, 0xff, 0xff, 0xff, 0xff, 0xff, 0xff,
  0xff, 0xff, 0xff, 0x00, 0x00, 0x00, 0x00, 0x00, 0x00, 0x00, 0x00, 0x00,
  0x00, 0x00, 0x00, 0x00, 0x00, 0x00, 0x00, 0x00, 0x00, 0x00, 0x00, 0x00,
  0xff, 0xff, 0xff, 0xff, 0xff, 0xff, 0xff, 0xff, 0xff, 0xff, 0xff, 0xff,
  0xff, 0xff, 0xff, 0xff, 0xff, 0xff, 0x00, 0x00, 0x00, 0x00, 0x00, 0x00,
  0x00, 0x00, 0x00, 0x00, 0x00, 0x00, 0x00, 0x00, 0x00, 0x00, 0x00, 0x00,
  0x00, 0x00, 0xff, 0xff, 0xff, 0xff, 0xff, 0xff, 0xff, 0xff, 0xff, 0xff,
  0xff, 0xff, 0xff, 0xff, 0xff, 0xff, 0xff, 0xff, 0xff, 0xff, 0xff, 0x00,
  0x00, 0x00, 0x00, 0x00, 0x00, 0x00, 0x00, 0x00, 0x00, 0x00, 0x00, 0x00,
  0x00, 0x00, 0x00, 0x00, 0x00, 0xff, 0xff, 0xff, 0xff, 0xff, 0xff, 0xff,
  0xff, 0xff, 0xff, 0xff, 0xff, 0xff, 0xff, 0xff, 0xff, 0xff, 0xff, 0xff,
  0xff, 0xff, 0xff, 0x00, 0x00, 0x00, 0x00, 0x00, 0x00, 0x00, 0x00, 0x00,
  0x00, 0x00, 0x00, 0x00, 0x00, 0x00, 0x00, 0x00, 0x00, 0x00, 0x00, 0xff,
  0xff, 0xff, 0xff, 0xff, 0xff, 0xff, 0xff, 0xff, 0xff, 0xff, 0xff, 0xff,
  0xff, 0xff, 0xff, 0xff, 0xff, 0xff, 0xff, 0xff, 0xff, 0xff, 0xff, 0x00,
  0x00, 0x00, 0x00, 0x00, 0x00, 0x00, 0x00, 0x00, 0x00, 0x00, 0x00, 0x00,
  0x00, 0x00, 0x00, 0x00, 0x00, 0x00, 0xff, 0xff, 0xff, 0xff, 0xff, 0xff,
  0xff, 0xff, 0xff, 0xff, 0xff, 0xff, 0xff, 0xff, 0xff, 0xff, 0xff, 0xff,
  0xff, 0xff, 0x00, 0x00, 0x00, 0x00, 0x00, 0x00, 0x00, 0x00, 0x00, 0x00,
  0x00, 0x00, 0x00, 0x00, 0x00, 0x00, 0x00, 0x00, 0x00, 0x00, 0x00, 0xff,
  0xff, 0xff, 0xff, 0xff, 0xff, 0xff, 0xff, 0xff, 0xff, 0xff, 0xff, 0xff,
  0xff, 0xff, 0xff, 0xff, 0xff, 0xff, 0xff, 0x00, 0x00, 0x00, 0x00, 0x00,
  0x00, 0x00, 0x00, 0x00, 0x00, 0x00, 0x00, 0x00, 0x00, 0x00, 0x00, 0x00,
  0x00, 0x00, 0xff, 0xff, 0xff, 0xff, 0xff, 0xff, 0xff, 0xff, 0xff, 0xff,
  0xff, 0xff, 0xff, 0xff, 0xff, 0xff, 0xff, 0x00, 0x00, 0x00, 0x00, 0x00,
  0x00, 0x00, 0x00, 0x00, 0x00, 0x00, 0x00, 0x00, 0x00, 0x00, 0x00, 0x00,
  0x00, 0x00, 0xff, 0xff, 0xff, 0xff, 0xff, 0xff, 0xff, 0xff, 0xff, 0xff,
  0xff, 0xff, 0xff, 0xff, 0xff, 0xff, 0xff, 0xff, 0xff, 0xff, 0xff, 0xff,
  0xff, 0x00, 0x00, 0x00, 0x00, 0x00, 0x00, 0x00, 0x00, 0x00, 0x00, 0x00,
  0x00, 0x00, 0x00, 0x00, 0x00, 0x00, 0x00, 0x00, 0xff, 0xff, 0xff, 0xff,
  0xff, 0xff, 0xff, 0xff, 0xff, 0xff, 0xff, 0xff, 0xff, 0xff, 0xff, 0xff,
  0xff, 0x00, 0x00, 0x00, 0x00, 0x00, 0x00, 0x00, 0x00, 0x00, 0x00, 0x00,
  0x00, 0x00, 0x00, 0x00, 0x00, 0x00, 0x00, 0x00, 0x00, 0x00, 0x00, 0x00,
  0x00, 0x00, 0xff, 0xff, 0xff, 0xff, 0xff, 0xff, 0xff, 0xff, 0xff, 0xff,
  0xff, 0xff, 0xff, 0xff, 0xff, 0xff, 0xff, 0xff, 0xff, 0xff, 0xff, 0xff,
  0x00, 0x00, 0x00, 0x00, 0x00, 0x00, 0x00, 0x00, 0x00, 0x00, 0x00, 0x00,
  0x00, 0x00, 0x00, 0x00, 0x00, 0x00, 0x00, 0x00, 0x00, 0x00, 0xff, 0xff,
  0xff, 0xff, 0xff, 0xff, 0xff, 0xff, 0xff, 0xff, 0xff, 0xff, 0xff, 0xff,
  0xff, 0xff, 0xff, 0xff, 0x00, 0x00, 0x00, 0x00, 0x00, 0x00, 0x00, 0x00,
  0x00, 0x00, 0x00, 0x00, 0x00, 0x00, 0x00, 0x00, 0x00, 0x00, 0x00, 0x00,
  0xff, 0xff, 0xff, 0xff, 0xff, 0xff, 0xff, 0xff, 0xff, 0xff, 0xff, 0xff,
  0xff, 0xff, 0xff, 0xff, 0xff, 0xff, 0xff, 0xff, 0x00, 0x00, 0x00, 0x00,
  0x00, 0x00, 0x00, 0x00, 0x00, 0x00, 0x00, 0x00, 0x00, 0x00, 0x00, 0x00,
  0x00, 0x00, 0x00, 0xff, 0xff, 0xff, 0xff, 0xff, 0xff, 0xff, 0xff, 0xff,
  0xff, 0xff, 0xff, 0xff, 0xff, 0xff, 0xff, 0xff, 0xff, 0xff, 0xff, 0x00,
  0x00, 0x00, 0x00, 0x00, 0x00, 0x00, 0x00, 0x00, 0x00, 0x00, 0x00, 0x00,
  0x00, 0x00, 0x00, 0x00, 0x00, 0x00, 0x00, 0x00, 0xff, 0xff, 0xff, 0xff,
  0xff, 0xff, 0xff, 0xff, 0xff, 0xff, 0xff, 0xff, 0xff, 0xff, 0xff, 0xff,
  0xff, 0xff, 0x00, 0x00, 0x00, 0x00, 0x00, 0x00, 0x00, 0x00, 0x00, 0x00,
  0x00, 0x00, 0x00, 0x00, 0xff, 0xff, 0xff, 0xff, 0xff, 0xff, 0xff, 0xff,
  0xff, 0xff, 0xff, 0xff, 0xff, 0xff, 0xff, 0xff, 0xff, 0xff, 0xff, 0xff,
  0xff, 0xff, 0x00, 0x00, 0x00, 0x00, 0x00, 0x00, 0x00, 0x00, 0x00, 0x00,
  0x00, 0x00, 0x00, 0x00, 0x00, 0x00, 0x00, 0x00, 0x00, 0x00, 0x00, 0x00,
  0x00, 0x00, 0x00, 0x00, 0x00, 0xff, 0xff, 0xff, 0xff, 0xff, 0xff, 0xff,
  0xff, 0xff, 0xff, 0xff, 0xff, 0xff, 0xff, 0xff, 0xff, 0xff, 0xff, 0xff,
  0xff, 0xff, 0xff, 0xff, 0x00, 0x00, 0x00, 0x00, 0x00, 0x00, 0x00, 0x00,
  0x00, 0x00, 0x00, 0x00, 0x00, 0x00, 0x00, 0x00, 0x00, 0x00, 0xff, 0xff,
  0xff, 0xff, 0xff, 0xff, 0xff, 0xff, 0xff, 0xff, 0xff, 0xff, 0xff, 0xff,
  0xff, 0xff, 0xff, 0xff, 0xff, 0x00, 0x00, 0x00, 0x00, 0x00, 0x00, 0x00,
  0x00, 0x00, 0x00, 0x00, 0x00, 0x00, 0x00, 0x00, 0x00, 0x00, 0x00, 0x00,
  0xff, 0xff, 0xff, 0xff, 0xff, 0xff, 0xff, 0xff, 0xff, 0xff, 0xff, 0xff,
  0xff, 0xff, 0xff, 0xff, 0xff, 0xff, 0xff, 0xff, 0xff, 0x00, 0x00, 0x00,
  0x00, 0x00, 0x00, 0x00, 0x00, 0x00, 0x00, 0x00, 0x00, 0x00, 0x00, 0x00,
  0x00, 0x00, 0x00, 0x00, 0xff, 0xff, 0xff, 0xff, 0xff, 0xff, 0xff, 0xff,
  0xff, 0xff, 0xff, 0xff, 0xff, 0xff, 0xff, 0xff, 0xff, 0xff, 0x00, 0x00,
  0x00, 0x00, 0x00, 0x00, 0x00, 0x00, 0x00, 0x00, 0x00, 0x00, 0x00, 0x00,
  0x00, 0x00, 0x00, 0x00, 0x00, 0x00, 0x00, 0xff, 0xff, 0xff, 0xff, 0xff,
  0xff, 0xff, 0xff, 0xff, 0xff, 0xff, 0xff, 0xff, 0xff, 0xff, 0xff, 0xff,
  0xff, 0xff, 0xff, 0xff, 0xff, 0xff, 0x00, 0x00, 0x00, 0x00, 0x00, 0x00,
  0x00, 0x00, 0x00, 0x00, 0x00, 0x00, 0x00, 0x00, 0x00, 0x00, 0x00, 0x00,
  0x00, 0x00, 0x00, 0x00, 0xff, 0xff, 0xff, 0xff, 0xff, 0xff, 0xff, 0xff,
  0xff, 0xff, 0xff, 0xff, 0xff, 0xff, 0xff, 0xff, 0xff, 0xff, 0xff, 0xff,
  0xff, 0xff, 0xff, 0x00, 0x00, 0x00, 0x00, 0x00, 0x00, 0x00, 0x00, 0x00,
  0x00, 0x00, 0x00, 0x00, 0x00, 0x00, 0x00, 0x00, 0x00, 0x00, 0x00, 0x00,
  0xff, 0xff, 0xff, 0xff, 0xff, 0xff, 0xff, 0xff, 0xff, 0xff, 0xff, 0xff,
  0xff, 0xff, 0xff, 0xff, 0xff, 0xff, 0xff, 0x00, 0x00, 0x00, 0x00, 0x00,
  0x00, 0x00, 0x00, 0x00, 0x00, 0x00, 0x00, 0x00, 0x00, 0x00, 0x00, 0x00,
  0xff, 0xff, 0xff, 0xff, 0xff, 0xff, 0xff, 0xff, 0xff, 0xff, 0xff, 0xff,
  0xff, 0xff, 0xff, 0xff, 0xff, 0xff, 0xff, 0x00, 0x00, 0x00, 0x00, 0x00,
  0x00, 0x00, 0x00, 0x00, 0x00, 0x00, 0x00, 0x00, 0x00, 0x00, 0x00, 0x00,
  0x00, 0x00, 0x00, 0x00, 0x00, 0xff, 0xff, 0xff, 0xff, 0xff, 0xff, 0xff,
  0xff, 0xff, 0xff, 0xff, 0xff, 0xff, 0xff, 0xff, 0xff, 0xff, 0x00, 0x00,
  0x00, 0x00, 0x00, 0x00, 0x00, 0x00, 0x00, 0x00, 0x00, 0x00, 0x00, 0x00,
  0x00, 0x00, 0x00, 0xff, 0xff, 0xff, 0xff, 0xff, 0xff, 0xff, 0xff, 0xff,
  0xff, 0xff, 0xff, 0xff, 0xff, 0xff, 0xff, 0xff, 0xff, 0xff, 0xff, 0x00,
  0x00, 0x00, 0x00, 0x00, 0x00, 0x00, 0x00, 0x00, 0x00, 0x00, 0x00, 0x00,
  0x00, 0x00, 0x00, 0x00, 0x00, 0x00, 0x00, 0x00, 0x00, 0xff, 0xff, 0xff,
  0xff, 0xff, 0xff, 0xff, 0xff, 0xff, 0xff, 0xff, 0xff, 0xff, 0xff, 0xff,
  0xff, 0xff, 0xff, 0xff, 0xff, 0x00, 0x00, 0x00, 0x00, 0x00, 0x00, 0x00,
  0x00, 0x00, 0x00, 0x00, 0x00, 0x00, 0x00, 0x00, 0x00, 0x00, 0xff, 0xff,
  0xff, 0xff, 0xff, 0xff, 0xff, 0xff, 0xff, 0xff, 0xff, 0xff, 0xff, 0xff,
  0xff, 0xff, 0xff, 0xff, 0xff, 0xff, 0xff, 0xff, 0x00, 0x00, 0x00, 0x00,
  0x00, 0x00, 0x00, 0x00, 0x00, 0x00, 0x00, 0x00, 0x00, 0x00, 0x00, 0x00,
  0x00, 0x00, 0x00, 0x00, 0x00, 0x00, 0x00, 0x00, 0x00, 0xff, 0xff, 0xff,
  0xff, 0xff, 0xff, 0xff, 0xff, 0xff, 0xff, 0xff, 0xff, 0xff, 0xff, 0xff,
  0xff, 0xff, 0xff, 0xff, 0xff, 0xff, 0x00, 0x00, 0x00, 0x00, 0x00, 0x00,
  0x00, 0x00, 0x00, 0x00, 0x00, 0x00, 0x00, 0x00, 0x00, 0x00, 0x00, 0x00,
  0x00, 0x00, 0x00, 0xff, 0xff, 0xff, 0xff, 0xff, 0xff, 0xff, 0xff, 0xff,
  0xff, 0xff, 0xff, 0xff, 0xff, 0xff, 0xff, 0xff, 0xff, 0xff, 0x00, 0x00,
  0x00, 0x00, 0x00, 0x00, 0x00, 0x00, 0x00, 0x00, 0x00, 0x00, 0x00, 0x00,
  0x00, 0x00, 0x00, 0x00, 0x00, 0xff, 0xff, 0xff, 0xff, 0xff, 0xff, 0xff,
  0xff, 0xff, 0xff, 0xff, 0xff, 0xff, 0xff, 0xff, 0xff, 0xff, 0xff, 0xff,
  0xff, 0x00, 0x00, 0x00, 0x00, 0x00, 0x00, 0x00, 0x00, 0x00, 0x00, 0x00,
  0x00, 0x00, 0x00, 0x00, 0x00, 0x00, 0x00, 0x00, 0xff, 0xff, 0xff, 0xff,
  0xff, 0xff, 0xff, 0xff, 0xff, 0xff, 0xff, 0xff, 0xff, 0xff, 0xff, 0xff,
  0xff, 0xff, 0xff, 0xff, 0x00, 0x00, 0x00, 0x00, 0x00, 0x00, 0x00, 0x00,
  0x00, 0x00, 0x00, 0x00, 0x00, 0x00, 0x00, 0x00, 0x00, 0x00, 0x00, 0x00,
  0x00, 0x00, 0x00, 0x00, 0xff, 0xff, 0xff, 0xff, 0xff, 0xff, 0xff, 0xff,
  0xff, 0xff, 0xff, 0xff, 0xff, 0xff, 0xff, 0xff, 0x00, 0x00, 0x00, 0x00,
  0x00, 0x00, 0x00, 0x00, 0x00, 0x00, 0x00, 0x00, 0x00, 0x00, 0x00, 0x00,
  0x00, 0x00, 0xff, 0xff, 0xff, 0xff, 0xff, 0xff, 0xff, 0xff, 0xff, 0xff,
  0xff, 0xff, 0xff, 0xff, 0xff, 0xff, 0xff, 0xff, 0xff, 0xff, 0xff, 0xff,
  0xff, 0xff, 0x00, 0x00, 0x00, 0x00, 0x00, 0x00, 0x00, 0x00, 0x00, 0x00,
  0x00, 0x00, 0x00, 0x00, 0x00, 0x00, 0x00, 0x00, 0x00, 0x00, 0x00, 0xff,
  0xff, 0xff, 0xff, 0xff, 0xff, 0xff, 0xff, 0xff, 0x00, 0x00, 0x00, 0x00,
  0xff, 0xff, 0xff, 0xff, 0xff, 0xff, 0xff, 0x00, 0x00, 0x00, 0x00, 0x00,
  0x00, 0x00, 0x00, 0x00, 0x00, 0x00, 0x00, 0x00, 0x00, 0x00, 0xff, 0xff,
  0xff, 0xff, 0xff, 0xff, 0xff, 0xff, 0xff, 0xff, 0xff, 0xff, 0xff, 0xff,
  0xff, 0xff, 0xff, 0xff, 0xff, 0xff, 0x00, 0x00, 0x00, 0x00, 0x00, 0x00,
  0x00, 0x00, 0x00, 0x00, 0x00, 0x00, 0x00, 0x00, 0x00, 0x00, 0x00, 0x00,
  0x00, 0x00, 0x00, 0x00, 0x00, 0x00, 0xff, 0xff, 0xff, 0xff, 0xff, 0xff,
  0xff, 0xff, 0xff, 0xff, 0xff, 0xff, 0xff, 0xff, 0xff, 0xff, 0xff, 0xff,
  0xff, 0xff, 0x00, 0x00, 0x00, 0x00, 0x00, 0x00, 0x00, 0x00, 0x00, 0x00,
  0x00, 0x00, 0x00, 0x00, 0x00, 0x00, 0x00, 0x00, 0x00, 0xff, 0xff, 0xff,
  0xff, 0xff, 0xff, 0xff, 0xff, 0xff, 0xff, 0xff, 0xff, 0xff, 0xff, 0xff,
  0xff, 0xff, 0xff, 0xff, 0xff, 0x00, 0x00, 0x00, 0x00, 0x00, 0x00, 0x00,
  0x00, 0x00, 0x00, 0x00, 0x00, 0x00, 0x00, 0x00, 0x00, 0x00, 0x00, 0x00,
  0x00, 0xff, 0xff, 0xff, 0xff, 0xff, 0xff, 0xff, 0xff, 0xff, 0xff, 0xff,
  0xff, 0xff, 0xff, 0xff, 0xff, 0xff, 0xff, 0xff, 0xff, 0xff, 0xff, 0x00,
  0x00, 0x00, 0x00, 0x00, 0x00, 0x00, 0x00, 0x00, 0x00, 0x00, 0x00, 0x00,
  0x00, 0x00, 0x00, 0x00, 0x00, 0x00, 0xff, 0xff, 0xff, 0xff, 0xff, 0xff,
  0xff, 0xff, 0xff, 0xff, 0xff, 0xff, 0xff, 0xff, 0xff, 0xff, 0xff, 0xff,
  0x00, 0x00, 0x00, 0x00, 0x00, 0x00, 0x00, 0x00, 0x00, 0x00, 0x00, 0x00,
  0x00, 0x00, 0x00, 0x00, 0x00, 0x00, 0x00, 0x00, 0x00, 0x00, 0x00, 0x00,
  0xff, 0xff, 0xff, 0xff, 0xff, 0xff, 0xff, 0xff, 0xff, 0xff, 0xff, 0xff,
  0xff, 0xff, 0xff, 0xff, 0xff, 0xff, 0xff, 0xff, 0xff, 0x00, 0x00, 0x00,
  0x00, 0x00, 0x00, 0x00, 0x00, 0x00, 0x00, 0x00, 0x00, 0x00, 0x00, 0x00,
  0x00, 0x00, 0x00, 0x00, 0x00, 0x00, 0x00, 0x00, 0xff, 0xff, 0xff, 0xff,
  0xff, 0xff, 0xff, 0xff, 0xff, 0xff, 0xff, 0xff, 0xff, 0xff, 0xff, 0xff,
  0xff, 0xff, 0x00, 0x00, 0x00, 0x00, 0x00, 0x00, 0x00, 0x00, 0x00, 0x00,
  0x00, 0x00, 0x00, 0x00, 0x00, 0x00, 0x00, 0x00, 0xff, 0xff, 0xff, 0xff,
  0xff, 0xff, 0xff, 0xff, 0xff, 0xff, 0xff, 0xff, 0xff, 0xff, 0xff, 0xff,
  0xff, 0xff, 0x00, 0x00, 0x00, 0x00, 0x00, 0x00, 0x00, 0x00, 0x00, 0x00,
  0x00, 0x00, 0x00, 0x00, 0x00, 0x00, 0x00, 0x00, 0x00, 0xff, 0xff, 0xff,
  0xff, 0xff, 0xff, 0xff, 0xff, 0xff, 0xff, 0xff, 0xff, 0xff, 0xff, 0xff,
  0xff, 0xff, 0xff, 0xff, 0xff, 0x00, 0x00, 0x00, 0x00, 0x00, 0x00, 0x00,
  0x00, 0x00, 0x00, 0x00, 0x00, 0x00, 0x00, 0x00, 0x00, 0x00, 0x00, 0x00,
  0x00, 0x00, 0xff, 0xff, 0xff, 0xff, 0xff, 0xff, 0xff, 0xff, 0xff, 0xff,
  0xff, 0xff, 0xff, 0xff, 0xff, 0xff, 0xff, 0x00, 0x00, 0x00, 0x00, 0x00,
  0x00, 0x00, 0x00, 0x00, 0x00, 0x00, 0x00, 0x00, 0x00, 0x00, 0x00, 0x00,
  0x00, 0x00, 0x00, 0xff, 0xff, 0xff, 0xff, 0xff, 0xff, 0xff, 0xff, 0xff,
  0xff, 0xff, 0xff, 0xff, 0xff, 0xff, 0xff, 0xff, 0xff, 0xff, 0xff, 0xff,
  0xff, 0xff, 0x00, 0x00, 0x00, 0x00, 0x00, 0x00, 0x00, 0x00, 0x00, 0x00,
  0x00, 0x00, 0x00, 0x00, 0x00, 0x00, 0x00, 0x00, 0x00, 0x00, 0x00, 0x00,
  0x00, 0x00, 0x00, 0x00, 0x00, 0x00, 0x00, 0xff, 0xff, 0xff, 0xff, 0xff,
  0xff, 0xff, 0xff, 0xff, 0xff, 0xff, 0xff, 0xff, 0xff, 0xff, 0xff, 0xff,
  0xff, 0x00, 0x00, 0x00, 0x00, 0x00, 0x00, 0x00, 0x00, 0x00, 0x00, 0x00,
  0x00, 0x00, 0x00, 0x00, 0x00, 0x00, 0xff, 0xff, 0xff, 0xff, 0xff, 0xff,
  0xff, 0xff, 0xff, 0xff, 0xff, 0xff, 0xff, 0xff, 0xff, 0xff, 0xff, 0xff,
  0xff, 0xff, 0xff, 0x00, 0x00, 0x00, 0x00, 0x00, 0x00, 0x00, 0x00, 0x00,
  0x00, 0x00, 0x00, 0x00, 0x00, 0x00, 0x00, 0x00, 0x00, 0x00, 0xff, 0xff,
  0xff, 0xff, 0xff, 0xff, 0xff, 0xff, 0xff, 0xff, 0xff, 0xff, 0xff, 0xff,
  0xff, 0xff, 0xff, 0xff, 0xff, 0x00, 0x00, 0x00, 0x00, 0x00, 0x00, 0x00,
  0x00, 0x00, 0x00, 0x00, 0x00, 0x00, 0x00, 0x00, 0x00, 0x00, 0x00, 0x00,
  0x00, 0x00, 0xff, 0xff, 0xff, 0xff, 0xff, 0xff, 0xff, 0xff, 0xff, 0xff,
  0xff, 0xff, 0xff, 0xff, 0xff, 0xff, 0x00, 0x00, 0x00, 0x00, 0x00, 0x00,
  0x00, 0x00, 0x00, 0x00, 0x00, 0x00, 0x00, 0x00, 0x00, 0xff, 0xff, 0xff,
  0xff, 0xff, 0xff, 0xff, 0xff, 0xff, 0xff, 0xff, 0xff, 0xff, 0xff, 0xff,
  0xff, 0xff, 0xff, 0xff, 0xff, 0xff, 0xff, 0x00, 0x00, 0x00, 0x00, 0x00,
  0x00, 0x00, 0x00, 0x00, 0x00, 0x00, 0x00, 0x00, 0x00, 0x00, 0x00, 0x00,
  0x00, 0x00, 0x00, 0x00, 0x00, 0x00, 0xff, 0xff, 0xff, 0xff, 0xff, 0xff,
  0xff, 0xff, 0xff, 0xff, 0xff, 0xff, 0xff, 0xff, 0xff, 0xff, 0xff, 0xff,
  0xff, 0xff, 0xff, 0xff, 0xff, 0xff, 0xff, 0xff, 0xff, 0xff, 0xff, 0xff,
  0x00, 0x00, 0x00, 0x00, 0x00, 0x00, 0x00, 0x00, 0x00, 0x00, 0x00, 0x00,
  0x00, 0x00, 0x00, 0x00, 0xff, 0xff, 0xff, 0xff, 0xff, 0xff, 0xff, 0xff,
  0xff, 0xff, 0xff, 0xff, 0xff, 0xff, 0xff, 0xff, 0xff, 0xff, 0xff, 0xff,
  0x00, 0x00, 0x00, 0x00, 0x00, 0x00, 0x00, 0x00, 0x00, 0x00, 0x00, 0x00,
  0x00, 0x00, 0x00, 0x00, 0x00, 0x00, 0x00, 0x00, 0xff, 0xff, 0xff, 0xff,
  0xff, 0xff, 0xff, 0xff, 0xff, 0xff, 0xff, 0xff, 0xff, 0xff, 0xff, 0xff,
  0xff, 0xff, 0x00, 0x00, 0x00, 0x00, 0x00, 0x00, 0x00, 0x00, 0x00, 0x00,
  0x00, 0x00, 0x00, 0x00, 0x00, 0x00, 0x00, 0x00, 0x00, 0x00, 0x00, 0xff,
  0xff, 0xff, 0xff, 0xff, 0xff, 0xff, 0xff, 0xff, 0xff, 0xff, 0xff, 0xff,
  0xff, 0xff, 0xff, 0xff, 0x00, 0x00, 0x00, 0x00, 0x00, 0x00, 0x00, 0x00,
  0x00, 0x00, 0x00, 0x00, 0x00, 0x00, 0x00, 0x00, 0x00, 0x00, 0x00, 0xff,
  0xff, 0xff, 0xff, 0xff, 0xff, 0xff, 0xff, 0xff, 0xff, 0xff, 0xff, 0xff,
  0xff, 0xff, 0xff, 0xff, 0xff, 0xff, 0xff, 0xff, 0xff, 0xff, 0xff, 0x00,
  0x00, 0x00, 0x00, 0x00, 0x00, 0x00, 0x00, 0x00, 0x00, 0x00, 0x00, 0x00,
  0x00, 0x00, 0xff, 0xff, 0xff, 0xff, 0xff, 0xff, 0xff, 0xff, 0xff, 0xff,
  0xff, 0x00, 0x00, 0x00, 0x00, 0x00, 0x00, 0x00, 0x00, 0xff, 0xff, 0xff,
  0xff, 0xff, 0xff, 0xff, 0xff, 0xff, 0xff, 0xff, 0xff, 0xff, 0xff, 0xff,
  0x00, 0x00, 0x00, 0x00, 0x00, 0x00, 0x00, 0x00, 0x00, 0x00, 0x00, 0x00,
  0x00, 0x00, 0x00, 0xff, 0xff, 0xff, 0xff, 0xff, 0xff, 0xff, 0xff, 0xff,
  0xff, 0xff, 0xff, 0xff, 0xff, 0xff, 0x00, 0x00, 0x00, 0x00, 0x00, 0x00,
  0x00, 0x00, 0x00, 0x00, 0x00, 0x00, 0x00, 0x00, 0x00, 0x00, 0x00, 0x00,
  0x00, 0x00, 0x00, 0x00, 0x00, 0x00, 0xff, 0xff, 0xff, 0xff, 0xff, 0xff,
  0xff, 0xff, 0xff, 0xff, 0xff, 0xff, 0xff, 0xff, 0xff, 0xff, 0xff, 0xff,
  0xff, 0x00, 0x00, 0x00, 0x00, 0x00, 0x00, 0x00, 0x00, 0x00, 0x00, 0x00,
  0x00, 0x00, 0x00, 0x00, 0x00, 0x00, 0x00, 0x00, 0x00, 0x00, 0x00, 0xff,
  0xff, 0xff, 0xff, 0xff, 0xff, 0xff, 0xff, 0xff, 0xff, 0xff, 0xff, 0xff,
  0xff, 0xff, 0xff, 0xff, 0x00, 0x00, 0x00, 0x00, 0x00, 0x00, 0x00, 0x00,
  0x00, 0x00, 0x00, 0x00, 0x00, 0x00, 0x00, 0x00, 0xff, 0xff, 0xff, 0xff,
  0xff, 0xff, 0xff, 0xff, 0xff, 0xff, 0xff, 0xff, 0xff, 0xff, 0xff, 0xff,
  0xff, 0xff, 0xff, 0xff, 0xff, 0xff, 0x00, 0x00, 0x00, 0x00, 0x00, 0x00,
  0x00, 0x00, 0x00, 0x00, 0x00, 0x00, 0x00, 0x00, 0x00, 0x00, 0x00, 0x00,
  0xff, 0xff, 0xff, 0xff, 0xff, 0xff, 0xff, 0xff, 0xff, 0xff, 0xff, 0xff,
  0xff, 0xff, 0xff, 0x00, 0x00, 0x00, 0x00, 0x00, 0x00, 0x00, 0x00, 0x00,
  0x00, 0xff, 0xff, 0xff, 0xff, 0xff, 0xff, 0xff, 0xff, 0xff, 0xff, 0xff,
  0xff, 0xff, 0x00, 0x00, 0x00, 0x00, 0x00, 0x00, 0x00, 0x00, 0x00, 0x00,
  0x00, 0xff, 0xff, 0xff, 0xff, 0xff, 0xff, 0xff, 0xff, 0xff, 0xff, 0xff,
  0xff, 0xff, 0xff, 0xff, 0xff, 0xff, 0xff, 0xff, 0xff, 0xff, 0xff, 0xff,
  0xff, 0x00, 0x00, 0x00, 0x00, 0x00, 0x00, 0x00, 0x00, 0x00, 0x00, 0x00,
  0x00, 0x00, 0x00, 0x00, 0x00, 0x00, 0x00, 0xff, 0xff, 0xff, 0xff, 0xff,
  0xff, 0xff, 0xff, 0xff, 0xff, 0xff, 0xff, 0xff, 0xff, 0xff, 0xff, 0xff,
  0xff, 0xff, 0x00, 0x00, 0x00, 0x00, 0x00, 0x00, 0x00, 0x00, 0x00, 0x00,
  0x00, 0x00, 0x00, 0x00, 0x00, 0x00, 0x00, 0x00, 0x00, 0x00, 0x00, 0xff,
  0xff, 0xff, 0xff, 0xff, 0xff, 0xff, 0xff, 0xff, 0xff, 0xff, 0xff, 0xff,
  0xff, 0xff, 0xff, 0x00, 0x00, 0x00, 0x00, 0x00, 0x00, 0x00, 0x00, 0x00,
  0x00, 0x00, 0x00, 0x00, 0x00, 0xff, 0xff, 0xff, 0xff, 0xff, 0xff, 0xff,
  0xff, 0xff, 0xff, 0xff, 0xff, 0xff, 0xff, 0xff, 0xff, 0xff, 0xff, 0xff,
  0xff, 0x00, 0x00, 0x00, 0x00, 0x00, 0x00, 0x00, 0x00, 0x00, 0x00, 0x00,
  0x00, 0x00, 0x00, 0x00, 0x00, 0x00, 0x00, 0x00, 0x00, 0xff, 0xff, 0xff,
  0xff, 0xff, 0xff, 0xff, 0xff, 0xff, 0xff, 0xff, 0xff, 0xff, 0xff, 0xff,
  0xff, 0xff, 0xff, 0x00, 0x00, 0x00, 0x00, 0x00, 0x00, 0x00, 0x00, 0x00,
  0x00, 0xff, 0xff, 0xff, 0xff, 0xff, 0xff, 0xff, 0xff, 0xff, 0xff, 0x00,
  0x00, 0x00, 0x00, 0x00, 0x00, 0x00, 0x00, 0x00, 0x00, 0x00, 0x00, 0x00,
  0x00, 0x00, 0x00, 0xff, 0xff, 0xff, 0xff, 0xff, 0xff, 0xff, 0xff, 0xff,
  0xff, 0xff, 0xff, 0xff, 0xff, 0xff, 0xff, 0xff, 0xff, 0xff, 0xff, 0xff,
  0xff, 0xff, 0xff, 0x00, 0x00, 0x00, 0x00, 0x00, 0x00, 0x00, 0x00, 0x00,
  0x00, 0x00, 0x00, 0x00, 0x00, 0x00, 0x00, 0x00, 0xff, 0xff, 0xff, 0xff,
  0xff, 0xff, 0xff, 0xff, 0xff, 0xff, 0xff, 0xff, 0xff, 0xff, 0xff, 0xff,
  0x00, 0x00, 0x00, 0x00, 0x00, 0x00, 0x00, 0x00, 0x00, 0x00, 0x00, 0x00,
  0x00, 0x00, 0x00, 0x00, 0x00, 0x00, 0x00, 0x00, 0x00, 0x00, 0xff, 0xff,
  0xff, 0xff, 0xff, 0xff, 0xff, 0xff, 0xff, 0xff, 0xff, 0xff, 0xff, 0xff,
  0xff, 0x00, 0x00, 0x00, 0x00, 0x00, 0x00, 0x00, 0x00, 0x00, 0x00, 0x00,
  0x00, 0x00, 0x00, 0x00, 0x00, 0x00, 0xff, 0xff, 0xff, 0xff, 0xff, 0xff,
  0xff, 0xff, 0xff, 0xff, 0xff, 0xff, 0xff, 0xff, 0xff, 0xff, 0xff, 0xff,
  0xff, 0xff, 0xff, 0xff, 0x00, 0x00, 0x00, 0x00, 0x00, 0x00, 0x00, 0x00,
  0x00, 0x00, 0x00, 0x00, 0x00, 0x00, 0x00, 0x00, 0x00, 0x00, 0x00, 0x00,
  0x00, 0x00, 0xff, 0xff, 0xff, 0xff, 0xff, 0xff, 0xff, 0xff, 0xff, 0xff,
  0x00, 0x00, 0x00, 0x00, 0x00, 0x00, 0x00, 0x00, 0x00, 0x00, 0xff, 0xff,
  0xff, 0xff, 0xff, 0xff, 0xff, 0xff, 0xff, 0xff, 0xff, 0xff, 0xff, 0xff,
  0xff, 0xff, 0xff, 0xff, 0x00, 0x00, 0x00, 0x00, 0x00, 0x00, 0x00, 0x00,
  0x00, 0x00, 0x00, 0x00, 0x00, 0x00, 0x00, 0x00, 0x00, 0x00, 0xff, 0xff,
  0xff, 0xff, 0xff, 0xff, 0xff, 0xff, 0xff, 0xff, 0xff, 0xff, 0xff, 0xff,
  0xff, 0xff, 0xff, 0xff, 0x00, 0x00, 0x00, 0x00, 0x00, 0x00, 0x00, 0x00,
  0x00, 0x00, 0x00, 0x00, 0x00, 0x00, 0x00, 0xff, 0xff, 0xff, 0xff, 0xff,
  0xff, 0xff, 0xff, 0xff, 0xff, 0xff, 0xff, 0xff, 0xff, 0xff, 0x00, 0x00,
  0x00, 0x00, 0x00, 0x00, 0x00, 0x00, 0x00, 0x00, 0x00, 0x00, 0x00, 0x00,
  0x00, 0x00, 0x00, 0x00, 0x00, 0x00, 0xff, 0xff, 0xff, 0xff, 0xff, 0xff,
  0xff, 0xff, 0xff, 0xff, 0xff, 0xff, 0xff, 0xff, 0xff, 0xff, 0xff, 0xff,
  0xff, 0xff, 0x00, 0x00, 0x00, 0x00, 0x00, 0x00, 0x00, 0x00, 0x00, 0x00,
  0x00, 0x00, 0x00, 0x00, 0x00, 0x00, 0x00, 0xff, 0xff, 0xff, 0xff, 0xff,
  0xff, 0xff, 0xff, 0xff, 0xff, 0xff, 0xff, 0xff, 0xff, 0xff, 0xff, 0xff,
  0xff, 0xff, 0xff, 0x00, 0x00, 0x00, 0x00, 0x00, 0x00, 0x00, 0x00, 0x00,
  0x00, 0x00, 0x00, 0x00, 0x00, 0x00, 0x00, 0x00, 0x00, 0x00, 0xff, 0xff,
  0xff, 0xff, 0xff, 0xff, 0xff, 0xff, 0xff, 0xff, 0xff, 0x00, 0x00, 0x00,
  0x00, 0x00, 0x00, 0x00, 0x00, 0x00, 0x00, 0x00, 0x00, 0x00, 0x00, 0x00,
  0xff, 0xff, 0xff, 0xff, 0xff, 0xff, 0xff, 0xff, 0xff, 0xff, 0xff, 0xff,
  0xff, 0xff, 0xff, 0xff, 0x00, 0x00, 0x00, 0x00, 0x00, 0x00, 0x00, 0x00,
  0x00, 0x00, 0x00, 0x00, 0x00, 0xff, 0xff, 0xff, 0xff, 0xff, 0xff, 0xff,
  0xff, 0xff, 0xff, 0x00, 0x00, 0x00, 0x00, 0x00, 0x00, 0x00, 0x00, 0x00,
  0x00, 0x00, 0x00, 0x00, 0x00, 0x00, 0x00, 0x00, 0x00, 0x00, 0x00, 0x00,
  0x00, 0x00, 0x00, 0x00, 0x00, 0x00, 0xff, 0xff, 0xff, 0xff, 0xff, 0xff,
  0xff, 0xff, 0xff, 0xff, 0xff, 0xff, 0xff, 0xff, 0xff, 0xff, 0xff, 0xff,
  0x00, 0x00, 0x00, 0x00, 0x00, 0x00, 0x00, 0x00, 0x00, 0x00, 0x00, 0x00,
  0x00, 0x00, 0x00, 0x00, 0x00, 0x00, 0x00, 0x00, 0x00, 0xff, 0xff, 0xff,
  0xff, 0xff, 0xff, 0xff, 0xff, 0xff, 0xff, 0xff, 0xff, 0xff, 0xff, 0xff,
  0xff, 0xff, 0xff, 0xff, 0x00, 0x00, 0x00, 0x00, 0x00, 0x00, 0x00, 0x00,
  0x00, 0x00, 0x00, 0x00, 0x00, 0x00, 0x00, 0xff, 0xff, 0xff, 0xff, 0xff,
  0xff, 0xff, 0xff, 0xff, 0xff, 0xff, 0xff, 0xff, 0xff, 0xff, 0xff, 0xff,
  0xff, 0xff, 0xff, 0xff, 0x00, 0x00, 0x00, 0x00, 0x00, 0x00, 0x00, 0x00,
  0x00, 0x00, 0x00, 0x00, 0x00, 0x00, 0xff, 0xff, 0xff, 0xff, 0xff, 0xff,
  0xff, 0xff, 0xff, 0xff, 0xff, 0xff, 0xff, 0xff, 0xff, 0xff, 0xff, 0x00,
  0x00, 0x00, 0x00, 0x00, 0x00, 0x00, 0x00, 0x00, 0x00, 0x00, 0x00, 0x00,
  0x00, 0x00, 0x00, 0x00, 0xff, 0xff, 0xff, 0xff, 0xff, 0xff, 0xff, 0xff,
  0xff, 0xff, 0xff, 0xff, 0xff, 0xff, 0xff, 0xff, 0xff, 0xff, 0xff, 0xff,
  0xff, 0xff, 0xff, 0xff, 0xff, 0xff, 0xff, 0xff, 0xff, 0xff, 0xff, 0xff,
  0xff, 0xff, 0xff, 0xff, 0xff, 0xff, 0xff, 0xff, 0xff, 0xff, 0x00, 0x00,
  0x00, 0x00, 0x00, 0x00, 0x00, 0x00, 0x00, 0x00, 0x00, 0x00, 0x00, 0x00,
  0x00, 0x00, 0x00, 0x00, 0x00, 0x00, 0xff, 0xff, 0xff, 0xff, 0xff, 0xff,
  0xff, 0xff, 0xff, 0xff, 0xff, 0xff, 0xff, 0xff, 0xff, 0xff, 0xff, 0x00,
  0x00, 0x00, 0x00, 0x00, 0x00, 0x00, 0x00, 0x00, 0x00, 0x00, 0x00, 0x00,
  0x00, 0x00, 0x00, 0x00, 0x00, 0x00, 0x00, 0x00, 0xff, 0xff, 0xff, 0xff,
  0xff, 0xff, 0xff, 0xff, 0xff, 0xff, 0xff, 0xff, 0xff, 0xff, 0xff, 0xff,
  0xff, 0x00, 0x00, 0x00, 0x00, 0x00, 0x00, 0x00, 0x00, 0x00, 0x00, 0x00,
  0x00, 0x00, 0x00, 0x00, 0xff, 0xff, 0xff, 0xff, 0xff, 0xff, 0xff, 0xff,
  0xff, 0xff, 0xff, 0xff, 0xff, 0xff, 0xff, 0xff, 0xff, 0xff, 0xff, 0x00,
  0x00, 0x00, 0x00, 0x00, 0x00, 0x00, 0x00, 0x00, 0x00, 0x00, 0x00, 0x00,
  0x00, 0x00, 0x00, 0x00, 0x00, 0x00, 0x00, 0x00, 0x00, 0xff, 0xff, 0xff,
  0xff, 0xff, 0xff, 0xff, 0xff, 0xff, 0xff, 0xff, 0xff, 0xff, 0xff, 0xff,
  0xff, 0xff, 0xff, 0x00, 0x00, 0x00, 0x00, 0x00, 0x00, 0x00, 0x00, 0x00,
  0xff, 0xff, 0xff, 0xff, 0xff, 0xff, 0xff, 0x00, 0x00, 0x00, 0x00, 0x00,
  0x00, 0x00, 0x00, 0x00, 0x00, 0x00, 0x00, 0x00, 0x00, 0x00, 0x00, 0x00,
  0x00, 0x00, 0xff, 0xff, 0xff, 0xff, 0xff, 0xff, 0xff, 0xff, 0xff, 0xff,
  0xff, 0xff, 0xff, 0xff, 0xff, 0xff, 0xff, 0xff, 0xff, 0xff, 0xff, 0x00,
  0x00, 0x00, 0x00, 0x00, 0x00, 0x00, 0x00, 0x00, 0x00, 0x00, 0x00, 0x00,
  0x00, 0x00, 0x00, 0x00, 0x00, 0x00, 0x00, 0x00, 0xff, 0xff, 0xff, 0xff,
  0xff, 0xff, 0xff, 0xff, 0xff, 0xff, 0xff, 0xff, 0xff, 0xff, 0xff, 0xff,
  0x00, 0x00, 0x00, 0x00, 0x00, 0x00, 0x00, 0x00, 0x00, 0x00, 0x00, 0x00,
  0x00, 0x00, 0x00, 0x00, 0x00, 0x00, 0x00, 0xff, 0xff, 0xff, 0xff, 0xff,
  0xff, 0xff, 0xff, 0xff, 0xff, 0xff, 0xff, 0xff, 0xff, 0x00, 0x00, 0x00,
  0x00, 0x00, 0x00, 0x00, 0x00, 0x00, 0x00, 0x00, 0x00, 0x00, 0x00, 0x00,
  0x00, 0x00, 0x00, 0x00, 0xff, 0xff, 0xff, 0xff, 0xff, 0xff, 0xff, 0xff,
  0xff, 0xff, 0xff, 0xff, 0xff, 0xff, 0xff, 0xff, 0xff, 0x00, 0x00, 0x00,
  0x00, 0x00, 0x00, 0x00, 0x00, 0x00, 0x00, 0x00, 0x00, 0x00, 0x00, 0x00,
  0x00, 0x00, 0x00, 0x00, 0x00, 0x00, 0x00, 0x00, 0xff, 0xff, 0xff, 0xff,
  0xff, 0xff, 0xff, 0xff, 0xff, 0xff, 0xff, 0xff, 0xff, 0x00, 0x00, 0x00,
  0x00, 0x00, 0x00, 0x00, 0x00, 0x00, 0x00, 0x00, 0x00, 0x00, 0x00, 0xff,
  0xff, 0xff, 0xff, 0xff, 0xff, 0xff, 0xff, 0xff, 0xff, 0xff, 0xff, 0xff,
  0xff, 0xff, 0xff, 0xff, 0x00, 0x00, 0x00, 0x00, 0x00, 0x00, 0x00, 0x00,
  0x00, 0x00, 0x00, 0x00, 0xff, 0xff, 0xff, 0xff, 0xff, 0xff, 0xff, 0xff,
  0x00, 0x00, 0x00, 0x00, 0xff, 0xff, 0xff, 0xff, 0xff, 0xff, 0xff, 0xff,
  0xff, 0xff, 0xff, 0xff, 0x00, 0x00, 0x00, 0x00, 0x00, 0x00, 0x00, 0x00,
  0x00, 0x00, 0x00, 0x00, 0x00, 0xff, 0xff, 0xff, 0xff, 0xff, 0xff, 0xff,
  0xff, 0xff, 0xff, 0xff, 0xff, 0x00, 0x00, 0x00, 0x00, 0x00, 0x00, 0x00,
  0x00, 0x00, 0x00, 0x00, 0x00, 0x00, 0x00, 0x00, 0x00, 0x00, 0x00, 0x00,
  0x00, 0xff, 0xff, 0xff, 0xff, 0xff, 0xff, 0xff, 0xff, 0xff, 0xff, 0xff,
  0xff, 0xff, 0xff, 0xff, 0xff, 0xff, 0xff, 0xff, 0xff, 0xff, 0xff, 0x00,
  0x00, 0x00, 0x00, 0x00, 0x00, 0x00, 0x00, 0x00, 0x00, 0x00, 0x00, 0x00,
  0x00, 0x00, 0x00, 0x00, 0x00, 0x00, 0xff, 0xff, 0xff, 0xff, 0xff, 0xff,
  0xff, 0xff, 0xff, 0xff, 0xff, 0xff, 0xff, 0xff, 0xff, 0xff, 0xff, 0xff,
  0xff, 0xff, 0xff, 0xff, 0xff, 0xff, 0xff, 0x00, 0x00, 0x00, 0x00, 0x00,
  0x00, 0x00, 0x00, 0x00, 0x00, 0x00, 0x00, 0x00, 0x00, 0xff, 0xff, 0xff,
  0xff, 0xff, 0xff, 0xff, 0xff, 0x00, 0x00, 0x00, 0x00, 0x00, 0x00, 0x00,
  0x00, 0x00, 0x00, 0x00, 0x00, 0x00, 0x00, 0x00, 0x00, 0xff, 0xff, 0xff,
  0xff, 0xff, 0xff, 0xff, 0xff, 0xff, 0xff, 0xff, 0xff, 0xff, 0xff, 0xff,
  0xff, 0x00, 0x00, 0x00, 0x00, 0x00, 0x00, 0x00, 0x00, 0x00, 0x00, 0x00,
  0x00, 0x00, 0x00, 0x00, 0x00, 0x00, 0x00, 0x00, 0x00, 0x00, 0x00, 0xff,
  0xff, 0xff, 0xff, 0xff, 0xff, 0xff, 0xff, 0xff, 0xff, 0xff, 0xff, 0xff,
  0xff, 0xff, 0xff, 0xff, 0x00, 0x00, 0x00, 0x00, 0x00, 0x00, 0x00, 0x00,
  0x00, 0x00, 0x00, 0x00, 0x00, 0x00, 0xff, 0xff, 0xff, 0xff, 0xff, 0xff,
  0xff, 0xff, 0xff, 0xff, 0xff, 0xff, 0xff, 0xff, 0xff, 0xff, 0xff, 0x00,
  0x00, 0x00, 0x00, 0x00, 0x00, 0x00, 0x00, 0x00, 0x00, 0x00, 0x00, 0x00,
  0x00, 0x00, 0x00, 0x00, 0x00, 0x00, 0x00, 0x00, 0xff, 0xff, 0xff, 0xff,
  0xff, 0xff, 0xff, 0xff, 0xff, 0xff, 0xff, 0xff, 0xff, 0xff, 0xff, 0xff,
  0x00, 0x00, 0x00, 0x00, 0x00, 0x00, 0x00, 0x00, 0x00, 0x00, 0x00, 0x00,
  0x00, 0x00, 0xff, 0xff, 0xff, 0xff, 0xff, 0xff, 0xff, 0xff, 0xff, 0xff,
  0xff, 0xff, 0xff, 0x00, 0x00, 0x00, 0x00, 0x00, 0x00, 0x00, 0x00, 0x00,
  0x00, 0x00, 0x00, 0x00, 0x00, 0x00, 0x00, 0x00, 0x00, 0xff, 0xff, 0xff,
  0xff, 0xff, 0xff, 0xff, 0xff, 0xff, 0xff, 0xff, 0xff, 0xff, 0xff, 0xff,
  0xff, 0xff, 0xff, 0xff, 0xff, 0xff, 0xff, 0x00, 0x00, 0x00, 0x00, 0x00,
  0x00, 0x00, 0x00, 0x00, 0x00, 0x00, 0x00, 0x00, 0x00, 0x00, 0x00, 0x00,
  0x00, 0x00, 0xff, 0xff, 0xff, 0xff, 0xff, 0xff, 0xff, 0xff, 0xff, 0xff,
  0xff, 0xff, 0xff, 0xff, 0xff, 0xff, 0xff, 0xff, 0xff, 0xff, 0xff, 0xff,
  0xff, 0xff, 0x00, 0x00, 0x00, 0x00, 0x00, 0x00, 0x00, 0x00, 0x00, 0x00,
  0x00, 0x00, 0xff, 0xff, 0xff, 0xff, 0xff, 0xff, 0xff, 0xff, 0xff, 0xff,
  0xff, 0xff, 0x00, 0x00, 0x00, 0x00, 0x00, 0x00, 0x00, 0x00, 0x00, 0x00,
  0x00, 0x00, 0x00, 0x00, 0x00, 0x00, 0xff, 0xff, 0xff, 0xff, 0xff, 0xff,
  0xff, 0xff, 0xff, 0xff, 0xff, 0xff, 0xff, 0xff, 0xff, 0x00, 0x00, 0x00,
  0x00, 0x00, 0x00, 0x00, 0x00, 0x00, 0x00, 0x00, 0x00, 0x00, 0x00, 0x00,
  0x00, 0x00, 0x00, 0x00, 0x00, 0x00, 0x00, 0x00, 0x00, 0xff, 0xff, 0xff,
  0xff, 0xff, 0xff, 0xff, 0xff, 0xff, 0xff, 0xff, 0xff, 0xff, 0xff, 0xff,
  0xff, 0x00, 0x00, 0x00, 0x00, 0x00, 0x00, 0x00, 0x00, 0x00, 0x00, 0x00,
  0x00, 0x00, 0x00, 0xff, 0xff, 0xff, 0xff, 0xff, 0xff, 0xff, 0xff, 0xff,
  0xff, 0xff, 0xff, 0xff, 0xff, 0x00, 0x00, 0x00, 0x00, 0x00, 0x00, 0x00,
  0x00, 0x00, 0x00, 0x00, 0x00, 0x00, 0x00, 0x00, 0x00, 0x00, 0x00, 0xff,
  0xff, 0xff, 0xff, 0xff, 0xff, 0xff, 0xff, 0xff, 0xff, 0xff, 0xff, 0xff,
  0xff, 0xff, 0xff, 0xff, 0xff, 0xff, 0xff, 0x00, 0x00, 0x00, 0x00, 0x00,
  0x00, 0x00, 0x00, 0x00, 0x00, 0x00, 0x00, 0x00, 0x00, 0x00, 0xff, 0xff,
  0xff, 0xff, 0xff, 0xff, 0xff, 0xff, 0xff, 0xff, 0xff, 0xff, 0xff, 0xff,
  0x00, 0x00, 0x00, 0x00
};
unsigned int wake_word_triggered_len = 30304;
#endif
